﻿뉴스제목,언론사,요약,뉴스링크,개시일,수집일자
"MZ세대가 꼽은 연금개혁 필요 이유 1위 ""연금 받을 확률 위해""",연합뉴스언론사 선정,"대통령실, 이르면 이달 말 '젊은수록 덜 내는' 국민연금 개혁안 발표 전망 세대 간 보험료율 차등 인상 방침 알려지자 ""논의하지 말자는 뜻"" 비판 이른바 MZ세대가 꼽은 국민연금 개혁이 필요한 이유 1위는 '향후 연금을 받을 가능성을 키우기 위해서'인 것으로 나타났다. 젊은 세대는 그만큼 장래에 연금을 받을...",https://www.yna.co.kr/view/AKR20240817042700530?input=1195m,1일 전,2024-08-19 13:48:46
MZ세대가 찾는 여행 캐리어 '로우로우' 쿠팡 신규 입점,파이낸셜뉴스,"트렌디한 디자인으로 MZ세대 인기가 높은 여행용품 브랜드 '로우로우(RAWROW)'가 쿠팡에 입점했다. 19일 쿠팡은 로우로우의 신규 입점을 기념해 오는 25일까지 론칭 특가전을 진행한다고 밝혔다. 이번 행사에서는 로우로우의 캐리어와 백팩, 여행용 파우치 등 인기 신상품 18개를 선별해 선보인다....",http://www.fnnews.com/news/202408190903176002,4시간 전,2024-08-19 13:48:46
"MZ세대 명품 소비, ‘오픈런’ 대신 ‘중고 거래’ 붐",주간동아언론사 선정,"고물가 속에서 MZ세대를 중심으로 중고 명품 시장이 활기를 띠고 있다. MZ세대는 제품을 소유하기보다 경험하길 원한다는 특성이 있다. 또한 ‘N차 신상’이라는 신조어가 생길 만큼 새 물건도 구입하는 순간 바로 중고가 된다는 인식을 갖고 있어 신상에 집착하지 않고, 중고 제품을 합리적인 가격에...",https://weekly.donga.com/3/all/11/5116537/1,4시간 전,2024-08-19 13:48:46
"'연금개혁' 찬성하는 MZ…10명 중 4명은 ""나도 받아야""",뉴스1언론사 선정,"이른바 MZ세대의 10명 중 4명은 국민연금 개혁 이유로 미래 수령 확률을 높이기 위해서라고 답한 셈이다. 반면 40대와 50대는 같은 응답 비율이 36.9%, 28.2%로 낮아졌다. 대신 '향후 국민연금 재정이 불안정해질 수 있기 때문'이라는 응답이 40대 38.7%, 50대 40.6%로 1위를 차지했다. 국민연금 재정이 불안해질...",https://www.news1.kr/economy/trend/5513548,1일 전,2024-08-19 13:48:46
"세븐일레븐, MZ세대 선호하는 젤리 출시",대한경제,"세븐일레븐이 MZ세대가 선호하는 젤리 상품을 출시한다고 18일 밝혔다. 편의점 젤리 상품이 재미있는 식감으로 MZ세대 사이에서 인기를 끌고 있어서다. 지난달 기능성 제로곤약젤리 3종을 자체브랜드(PB) 상품으로 출시했다. 세븐셀렉트 제로곤약 젤리 3종은 식감, 맛, 포만감을 선사하면서도 칼로리와 당류가...",https://www.dnews.co.kr/uhtml/view.jsp?idxno=202408180910071680440,1일 전,2024-08-19 13:48:46
기성세대 경영 역량 부족 드러낸 안세영 사태,신동아언론사 선정,"젊은이의 에너지와 창의력을 얼마나 잘 받아내느냐가 어떤 팀의, 어떤 스포츠 종목의, 어떤 나라의 미래를 좌우할 수밖에 없는 건 너무도 당연한 일일 테니 말이다. MZ세대는 죄가 없다. 기성세대가 만들고 강요하는, 잘못된 보상 체계부터 바로잡아야 한다.",https://shindonga.donga.com/3/all/13/5108557/1,1일 전,2024-08-19 13:48:46
"MZ 세대가 픽한 작가 콰야, 부산서 첫 인사",부산일보,"MZ세대들이 픽한 작가로 유명하다. 힘을 빼고 쓱쓱 그린 듯한 그림체, 귀여운 인물, 익숙한 일상의 한 장면, 작가 특유의 편안한 색감은 감성을 자극한다. ‘콰야’라는 예명은 밤을 지새운다는 뜻의 ‘과야(過夜)’에, 조용하다는 뜻의 영어 단어 ‘Quiet’와 탐구하다는 뜻의 ‘Quest’ 등의 앞 글자인 ‘Q’를...",https://www.busan.com/view/busan/view.php?code=2024072719360170712,16면 1단,2024-08-19 13:48:46
"청도군, ‘청도차산농악’ MZ 대학생 전수교육 ‘성료’",스포츠동아,차산농악의 신명에 빠진 MZ세대들은 5박 6일간의 기간 동안 청도에서 숙식하며 집중적으로 차산농악의 혼과 기예를 흡수하고 마지막 날에 열린 전수발표회를 끝으로 흥과 열정으로 어우러진 일주일간의 교육이 마무리됐다. 부경대학교 한 참가학생은 “여름방학 동안 집중적인 차산농악 교육으로 우리소리와...,https://sports.donga.com/article/all/20240818/126568489/1,1일 전,2024-08-19 13:48:46
MZ 세대의 실체…? “그냥 쉰다” 청년 역대 최고 찍었다,위키트리,지난달 일도 구직활동도 하지 않고 '그냥 쉬었다'는 청년이 7월 기준 역대 최대치를 기록했다. 이들 중 대다수인 75%는 일하기를 원치 않았던 것으로 조사됐다.18일 통계청에 따르면 지난 7월 청년층(15∼29세) 가운데 '쉬었음' 인구는 작년 동월보다 4만2천명 늘어난 44만3천명으로 집계됐다. 쉬겠다는...,https://www.wikitree.co.kr/articles/976105,17시간 전,2024-08-19 13:48:46
"[Z시세] ""영화 보러 극장 안 가요""… 울고 싶은데 뺨 때리는 MZ세대",머니S,"MZ세대, 영화관 찾는 발길 뜸해진 이유 일주일에 못 해도 영화 1~2편을 감상한다고 밝힌 30대 남성 B씨는 ""영화관은 한 달에 한 번 정도 간다""고 말했다. B씨는 영화를 좋아해 평소 자주 보는 편이지만 영화관 방문은 월 1회에 그치는 이유에 대해 ""선호하는 영화가 자주 개봉하는 것도 아니고 무엇보다...",https://www.moneys.co.kr/article/2024081210032083273,1시간 전,2024-08-19 13:48:46
“직장 상사 때문에 퇴사”…MZ 잡으려 파격 조건 내건 日,서울신문언론사 선정,매체는 “젊은 세대는 자신의 커리어에 대한 책임을 지고 자신의 가치관에 따라 자신의 커리어를 자율적으로 선택한다”면서 “‘일이 전부다’라는 가치관이 ‘일은 삶의 일부’라고 보는 전환이 일어나고 있다”고 짚었다. 이런 환경을 고려해 일본 대기업들은 입사 후 일할 부서를 알려주는 ‘초기 발령...,https://www.seoul.co.kr/news/international/japan/2024/08/19/20240819500057?wlog_tag3=naver,2시간 전,2024-08-19 13:48:46
"MZ세대, 건설업계 딱딱한 조직문화에 새바람",에너지경제,자유분방함을 상징하는 'MZ세대'(1980년대 초∼2000년대 초 출생)가 사회의 중추적인 역할을 담당하면서 보수적인 조직문화를 가지고 있던 건설업계에도 변화의 바람이 불고 있다. 19일 건설업계에 따르면 현대건설은 최근 고기능성 소재와 깔끔한 디자인을 앞세운 코오롱인더스트리 FnC의 워크웨어 블랜드...,https://www.ekn.kr/web/view.php?key=20240819028265119,4분 전,2024-08-19 13:48:46
간편식으로 알뜰하게… ‘편의점 구독’ 몰리는 MZ세대[별별 구독경제],문화일보,"편의점 구독 서비스 시장은 MZ세대(1980년대 초∼2000년대 초 출생)를 중심으로 사용되고 있기 때문에 더욱 성장할 것으로 전망된다. CU에 따르면 구독 서비스의 이용은 20대 33%, 30대 36%로 MZ세대의 비중이 전체 60% 이상을 차지하고 있다.",https://www.munhwa.com/news/view.html?no=2024081901032807170001,28면 TOP,2024-08-19 13:48:46
"한화호텔앤드리조트, 워터밤 속초 2024 성료..“지역 경제 살리고 MZ세대 사로잡아”",한국정경신문,한국정경신문 서재필 기­자 abceee64@gmail.com [한국정경신문=서재필 기자] 한화호텔앤드리조트는 17일 한화리조트 설악에서 대표 여름 축제 ‘워터밤 속초 2024’를 성공적으로 개최했다. 19일 한화호텔앤드리조트에 따르면 지난해 이어 2년 째인 이번 워터밤은 유명 아티스트 공연과 다양한 즐길 거리와...,http://kpenews.com/View.aspx?No=3336927,6시간 전,2024-08-19 13:48:46
연극으로 푸는 세대 갈등,경남신문,"연극 ‘벨롱 게스트하우스’ 공연 장면./극단 플레이돔/ ‘꼰대’와 ‘MZ’, 한없이 멀어지는 세대간의 갈등을 시원하게 풀어주는 극단 플레이돔의 창작 연극 ‘벨롱 게스트하우스’가 23~25일 창원 나비아트홀 공연장에 오른다. 연극 ‘벨롱 게스트하우스’의 ‘벨롱’은 제주 방언으로 ‘멀리서...",http://www.knnews.co.kr/news/articleView.php?idxno=1439761,5시간 전,2024-08-19 13:48:46
"MZ가 연금개혁 찬성하는 이유?…10명 중 4명 ""나도 받아야지""",서울경제,이는 MZ세대 10명 중 4명이 미래 연금 수령 가능성 향상을 개혁의 주요 목적으로 인식하고 있음을 보여준다. 20대의 경우 '향후 국민연금 재정이 불안정해질 수 있기 때문'이라는 응답은 28.2%로 가장 낮은 순위를 나타냈다. 30대에서는 이 항목이 32.3%로 2위에 올랐다. 반면 40대(38.7%)와 50대(40.6%)는 '향후...,https://www.sedaily.com/NewsView/2DD2S9BSVH,7시간 전,2024-08-19 13:48:46
MZ 놀이터된 ‘네이버 오픈톡' 스포츠·게임 소통장으로 확장,파이낸셜뉴스,"네이버가 MZ세대(1980년대 초∼2000년대 초 출생) 인기 콘텐츠를 중심으로 커뮤니티 서비스를 활성화하고 있다. 관심사 기반 대화 서비스인 '오픈톡'은 스포츠 콘텐츠에 적극 도입되며 전년 대비 30대 이하 이용자를 75% 가량 늘렸고, 신규 스트리밍 서비스 치지직과 네이버 카페는 MZ 게임 팬들의 적극적인...",http://www.fnnews.com/news/202408181811145873,16면 1단,2024-08-19 13:48:46
500시간 자원봉사를 한 MZ세대의 소감,오마이뉴스,"▲ 나눔 봉사를 위해 적재되어 있는 연탄들 ⓒ 이율 알람이 거세게 울린다. '이상하다... 오늘은 분명 쉬는 날인데, 알람을 왜 설정해 두었지?' 아차차. 어젯밤의 기억이 떠오르며 천근만근의 몸을 일으켜 세운다. '어차피 봉사인데, 나 하나쯤 안 나가도 괜찮지 않을까?'라는 내적 갈등이 일어난다. 사람은 대개...",https://www.ohmynews.com/NWS_Web/View/at_pg.aspx?CNTN_CD=A0003054574&CMPT_CD=P0010&utm_source=naver&utm_medium=newsearch&utm_campaign=naver_news,4시간 전,2024-08-19 13:48:46
"청도 차산농악, 여름 전수 교육… MZ세대 대학생들 '흠뻑'",대경일보,차산농악의 신명에 빠진 MZ세대들은 5박 6일간 청도에서 숙식하며 집중적으로 차산농악의 혼과 기예를 흡수했다. 마지막 날 열린 전수발표회를 끝으로 흥과 열정으로 어우러진 일주일간의 교육이 마무리됐다. 1981년 경상북도 무형유산로 지정된 '청도 차산농악'은 매년 대학생뿐 아니라 전국의 농악 단체들의...,https://www.dkilbo.com/news/articleView.html?idxno=456703,3시간 전,2024-08-19 13:48:46
[기사수첩] MZ에 거는 기대,투데이에너지,탕후루 열풍을 주도했던 이른바 MZ 세대의 반응은 간단하고 냉정했다. 서울시에 따르면 쓰레기 종량제와 폐품 재활용에서 소형 평수 아파트의 참여도가 가장 높다고 한다. 상대적으로 연령대가 낮은 세대 주들이 환경 문제에 더욱 민감하고 열심이라는 뜻으로도 해석할 수 있다. 아파트별로 다양한 유도 정책도...,https://www.todayenergy.kr/news/articleView.html?idxno=273745,9시간 전,2024-08-19 13:48:46
건설현장 '잠바' 대신 항공점퍼…MZ세대 겨냥해 작업복도 바뀐다,연합뉴스,MZ세대를 겨냥해 건설 현장 작업복도 진화하고 있다. 15일 현대건설에 따르면 이 회사는 최근 고기능성 소재와 깔끔한 디자인을 앞세운 코오롱인더스트리FnC의 워크웨어 브랜드 '볼디스트'와 협업해 'MA-1 패딩 점퍼'를 선보였다. 야외 활동이 많은 현장 근무자가 겨울철에 보통 작업용 점퍼를 덧입는다는 점에...,https://www.yna.co.kr/view/AKR20240815033800003?input=1195m,4일 전,2024-08-19 13:48:47
MZ '생활 문화 플랫폼' 세븐일레븐...양양 달군 서핑 페스타,파이낸셜뉴스,"MZ세대의 '생활 문화 플랫폼'을 지향하는 세븐일레븐이 지난해 처음 시작한 체험형 콘텐츠로, 브랜드 이미지와 충성도 강화 전략의 일환이다. 평소 세븐일레븐을 자주 이용하는 고객들과 함께 한여름 대표적인 국내 대표적인 핫플레이스로 꼽히는 양양에서 함께 즐기며 호흡하는 행사다. 지난해 하이볼과...",http://www.fnnews.com/news/202408181158147296,1일 전,2024-08-19 13:48:47
횡성 MZ공직자 ‘혁신 주니어 보드’ 시작,강원일보,MZ세대 공직자들의 혁신 아이디어가 조직 문화와 군정에 적극 반영된다. 횡성군은 지난 16일 ‘2024 혁신 주니어 보드’ 발대식을 갖고 본격적인 활동에 나섰다. 올해 처음 추진하는 ‘혁신 주니어 보드’는 수평적 조직 문화 조성과 혁신 아이디어 발굴에 참여할 직원을 모집했다. 7급 이하 MZ세대 공무원...,https://www.kwnews.co.kr/page/view/2024081808391412011,11면 1단,2024-08-19 13:48:47
"원빈이 16년간 맡은 '맥심 T.O.P' 모델, MZ연예인으로 교체",뉴시스언론사 선정,"회사에서는 두 분께 너무 감사해하고 있다""고 밝혔다. 동서식품은 맥심 슈프림골드의 새 모델로 그룹 아이브의 안유진을 발탁하기도 했다. 브랜드의 초기 모델은 배우 박서준이었다. 이 같은 모델 교체는 MZ 세대 소비자를 적극 공략하기 위한 마케팅 전략의 변화로 보인다．",https://www.newsis.com/view/NISX20240815_0002850909,4일 전,2024-08-19 13:48:47
잘파세대가 온다…소비 특징은 '추구미',THE PR,"MZ세대와 비슷하면서도 다른 개성을 보이는 잘파 세대는 1990년대 중반~2000년대 후반에 출생한 Z세대와 2010년 이후 출생한 알파(α) 세대를 의미한다. 이들은 경기 둔화와 환경 문제, 전쟁 등으로 경제적 위기감이 커지는 가운데 새로운 소비 권력으로 떠오르고 있다. 1980년대 초반에 출생해 모바일 산업의 성장과...",https://www.the-pr.co.kr/news/articleView.html?idxno=51964,5시간 전,2024-08-19 13:48:47
"""누칼협 들을 바엔 떠난다"" MZ공무원 이탈…공직사회 고령화",뉴스1언론사 선정,MZ세대인 청년 공무원들의 공직 이탈이 늘어나면서 늙어가는 공직사회를 개선하기 위해 '임금 현실화'를 이뤄내야 한다는 지적이 나온다. 16일 양부남 더불어민주당 의원실이 인사혁신처로부터 제출받은 '행정부 소속 일반직 국가공무원의 연령대별 현원'에 따르면 30대는 2014년 4만9616명에서 2023년...,https://www.news1.kr/politics/pm-bai-comm/5512728,2일 전,2024-08-19 13:48:47
MZ ‘힙 불교’ 열풍에… 싯다르타 등 불교책도 역주행,문화일보,"교보문고 관계자 역시 “박람회, 연등회가 열린 4∼5월부터 판매량이 오르기 시작했다”면서 “‘힙 불교’ 바람을 일으킨 세대가 관련 책 시장까지 이끌고 있다”고 전했다. 일본의 스님 출신 작가인 코이케 류노스케의 신간 ‘초역 부처의 말’(포레스트북스·오른쪽)은 그야말로 ‘돌풍’이다. 5월 말...",https://www.munhwa.com/news/view.html?no=20240819MW110351586008,19면 1단,2024-08-19 13:48:47
"롯데시네마 ""MZ 핫플 컬처스퀘어로 도약""",신아일보,"‘V-SQUARE’는 Z세대가 열광하는 버튜버 문화를 자유롭게 즐길 수 있는 공간으로 팝업존, 지식재산권(IP) 콜라보 카페, 상설 MD 매장, 포토존, 스토리텔링 전시 공간, 미디어룸까지 마련했다. 롯데시네마는 관객들의 호응에 힘입어 ‘V-SQUARE’와 연계한 버튜버 라이브 콘서트, 해외 이벤트 라이브 뷰잉...",http://www.shinailbo.co.kr/news/articleView.html?idxno=1918805,2시간 전,2024-08-19 13:48:47
"경북농협, MZ직원과 쌀 소비 촉진 방안 공유",경상매일신문,특히 경북농협 1층에 위치한 팜카페와 협업해 쌀을 주원료로 하는 쌀빵을 만들어 전 직원이 시식을 하고 쌀 소비촉진을 위해 MZ세대들이 갖고 있는 다양한 생각과 정보를 교환하는 등 의견을 모았다. 임도곤 농협 경북본부장은 “경북농협 임직원들은 전사적인 역량을 모아 쌀 소비 촉진 운동에 주력할 것이며...,http://www.ksmnews.co.kr/news/view.php?idx=496983,17시간 전,2024-08-19 13:48:47
MZ세대 전공의를 위한 변명,메디칼타임즈,MZ세대는 명분보다 실리를 따진다느니 하는 그런 해석들 말이다.비슷한 현상을 저출산 문제에서도 봤다. 저출산 현상을 MZ세대의 개인주의적 성향으로 해석하는 시각이 대표적이다. 문제는 이러한 MZ세대론의 문법으로 사안을 읽으려는 시도가 본질을 놓치는 오독일 수 있다는 것.저출산 문제의 근본적인 원인은...,https://www.medicaltimes.com/Main/News/NewsView.html?ID=1160107&ref=naverpc,8시간 전,2024-08-19 13:48:47
"""짧고 재미있게""…이통 3사, MZ세대 겨냥 '숏폼 마케팅' 분주",뉴스1,국내 이동통신 3사가 소비 트렌드를 주도하는 MZ세대를 겨냥한 '숏폼 마케팅'에 주력하고 있다. 콘텐츠 생산에 그치지 않고 참여를 유도하는 다양한 방식을 활용해 화제 몰이와 가입자 유치를 동반 달성하겠다는 전략이다. 17일 업계에 따르면 KT(030200)는 최근 연예인 혜리를 모델로 온라인 전용 무약정...,https://www.news1.kr/it-science/cc-newmedia/5512798,2일 전,2024-08-19 13:48:47
MZ세대 이탈에 늙어가는 공직사회… 30대 공무원 현원 줄어,세계일보언론사 선정,MZ세대(1980년대∼2000년대 초 출생자)로 불리는 청년 공무원들의 공직 이탈 러시가 이어진 데 따른 영향으로 풀이된다. 15일 인사혁신처가 더불어민주당 양부남 의원실에 제출한 ‘최근 10년간 행정부 소속 일반직 국가공무원의 연령대별 현원’을 살펴보면 50세 이상 국가공무원은...,http://www.segye.com/newsView/20240815513041?OutUrl=naver,A7면 1단,2024-08-19 13:48:47
"'젊은 피 수혈' 네이버 블로그, MZ 소통창구로 부상",글로벌이코노믹,1020대 젊은 층의 유입이 꾸준히 증가하면서 MZ세대의 커뮤니티로 떠오르고 있는 것. 이용자들이 자신의 관심사와 취미에 대한 '이야기'를 하고 싶어 하는 욕구와 블로그 성격이 딱 맞아 떨어졌다는 분석이다. 최근 1년 사이 유입 연령층 중 10대가 가장 높은 수치를 기록하면서 네이버 블로그의 '젊은 피 수혈...,http://www.g-enews.com/ko-kr/news/article/news_all/202408161753414197ea588b1547_1/article.html,13시간 전,2024-08-19 13:48:47
"원빈이 16년간 지킨 ‘맥심 T.O.P’ 모델, MZ연예인으로 교체했다…누구?",조선일보언론사 선정,이 같은 모델 교체는 MZ 세대 소비자를 적극 공략하기 위한 마케팅 전략의 변화로 보인다. 동서식품 측은 부부이자 장수 모델인 원빈‧이나영과 올해 동시에 재계약을 하지 않은 이유에 대해 “특별한 이유는 없다”며 “두 분이 그동안 굉장히 큰 역할을 해주셨다. 회사에서는 두 분께 너무 감사해 하고...,https://www.chosun.com/economy/economy_general/2024/08/14/PLG2XDXV5JFCVGTPT5B3JSTFHI/?utm_source=naver&utm_medium=referral&utm_campaign=naver-news,4일 전,2024-08-19 13:48:47
"""이색 콜라보에 체험형 매장 확대""…중견가전업계, MZ 마케팅 강화",데일리한국,경동나비엔은 지난 14일 말복을 맞아 용산에서 최근 MZ세대에게 핫한 의류 브랜드 '김씨네과일'과 '뜨거운 물을 사랑하는 모임(뜨사모)' 콜라보 팝업스토어를 진행했다. 사진=경동나비엔 제공 중견 가전업체들이 이색 콜라보와 체험 매장 확대에 총력을 기울이고 있다. 이는 MZ세대 등 젊은 층을 중심으로 우선...,https://daily.hankooki.com/news/articleView.html?idxno=1117688,1일 전,2024-08-19 13:48:47
임종식 경북교육감 “MZ세대의 좋은 가르침 감사합니다”,프레시안,근무 경력 4년 이하 MZ세대 교원과 지방공무원 멘토들에게 답을 묻다! 임종식 경북교육감이 16일 본청 스마트오피스서 근무 경력 4년 이하 MZ세대 교원과 지방공무원 들에게 질문하고 답을 얻는 자리를 가졌다. 이날 자리에는 9명의 MZ세대 멘토들이 임 교육감에게 문제를 내고 답을 듣거나 퀴즈 형식으로...,https://www.pressian.com/pages/articles/2024081615334465799?utm_source=naver&utm_medium=search,2일 전,2024-08-19 13:48:47
"“원빈도 세월 못비켜간다”…16년 모델 자리 ‘MZ연예인’으로 교체, 누구?",매일경제언론사 선정,마케팅 전략의 변화는 MZ 세대 소비자를 적극 공략하려는 의도로 읽힌다. 앞서 동서식품은 ‘맥심 모카골드’ 광고모델을 24년 만에 이나영에서 배우 박보영으로 교체했다. 뒤이어 ‘맥심 슈프림골드’ 새 모델로 그룹 아이브의 안유진을 발탁했다. 브랜드의 초기 모델은 배우 박서준이었다. 한편 원빈은...,https://www.mk.co.kr/article/11092446,5일 전,2024-08-19 13:48:47
"낭만닥터 김사부? 흉부외과 지원 0명‥""우리 세대가 가면 끝""",MBC언론사 선정,"우리 세대처럼 밤낮 없이 살라고 하면 MZ 세대가 오겠습니까. 의료수가를 올린다고 대학병원 의사 수입이 늘지 않습니다. 병원의 수익이 늘어나겠지요. 하지만 병원이 적자를 안 보면 흉부외과 의사 한 명이라도 더 뽑게 되고, 당직이 하루라도 덜 돌아오게 됩니다. 근무가 덜 힘들어지고 보람된 일을 할 수...",https://imnews.imbc.com/news/2024/society/article/6627202_36438.html,4일 전,2024-08-19 13:48:47
"에쓰오일, ESG 메시지 담은 TV 광고 방영…""MZ도 호응""",연합뉴스,"새 광고는 감각적인 팝아트, 새로운 팝록 장르의 CM송(광고 노래) 등을 통해 기존 고객들뿐 아니라 MZ세대(1980년대 초∼2000년대 초 출생)의 호응도 얻고 있다는 평가다. TV 광고 속 초록색 프레임은 에쓰오일의 주유소 사이니지(간판 디자인)로 연결돼 친환경 이미지를 자연스럽게 연상시킨다. 또 '구도일...",https://www.yna.co.kr/view/AKR20240814031600003?input=1195m,5일 전,2024-08-19 13:48:47
"“MZ세대 잡아라” SPC 배스킨라빈스, ‘빵빵이의 일상’ 콜라보 제품 전국 확대",이코노미스트,SPC 배스킨라빈스가 유튜브 구독자 230만명을 보유한 인기 채널 ‘빵빵이의 일상’과 협업해 개발한 플레이버(맛) 2종을 전국 매장에서 확대 판매한다고 16일 밝혔다. 이번에 선보이는 캐릭터 콜라보 아이스크림 ‘메롱~빵빵이의 필살기’와 ‘옥지의 피치 못할 사정’은 지난 7월 ‘빵빵이의 생일 파티’ 행사와...,https://economist.co.kr/article/view/ecn202408160014,2일 전,2024-08-19 13:48:47
