﻿노래제목,가수,가사
아무노래,지코 (ZICO), 왜들 그리 다운돼있어 뭐가 문제야 say something 분위기가 겁나 싸해 요새는 이런 게 유행인가 왜들 그리 재미없어 아 그건 나도 마찬가지 Tell me what I got to do 급한 대로 블루투스 켜 아무 노래나 일단 틀어 아무거나 신나는 걸로 아무렇게나 춤춰 아무렇지 않아 보이게 아무 생각 하기 싫어 아무개로 살래 잠시 I’m sick and tired of my everyday Keep it up 한 곡 더 아무 노래나 일단 틀어 아무렴 어때 It’s so boring 아무래도 refresh가 시급한 듯해 쌓여가 스트레스가 배꼽 빠질 만큼만 폭소하고 싶은 날이야 What up my dawgs 어디야 너희 올 때 병맥주랑 까까 몇 개 사 와 huh 클럽은 구미가 잘 안 당겨 우리 집 거실로 빨랑 모여 외부인은 요령껏 차단 시켜 밤새 수다 떨 시간도 모자라 누군 힘들어 죽겠고 누군 축제 괜히 싱숭생숭 I want my youth back 좀 전까지 왁자지껄 하다 한 명 두 명씩 자릴 떠 왜들 그리 다운돼있어 뭐가 문제야 say something 분위기가 겁나 싸해 요새는 이런 게 유행인가 왜들 그리 재미없어 아 그건 나도 마찬가지 Tell me what I got to do 급한 대로 블루투스 켜 아무 노래나 일단 틀어 아무거나 신나는 걸로 아무렇게나 춤춰 아무렇지 않아 보이게 아무 생각 하기 싫어 아무개로 살래 잠시 I’m sick and tired of my everyday Keep it up 한 곡 더 떠나질 못할 바엔 창밖은 쳐다도 안 봐 회까닥해서 추태를 부려도 No worries at all 이미지 왜 챙겨 그래 봤자 우리끼린데 Ohh 늦기 전에 막판 스퍼트 20대가 얼마 안 남았어 편한 옷으로 갈아입어 You look nice get’em high 얼핏 보면 그냥 코미디 이렇게 무해한 파티 처음이지 만감이 교차하는 새벽 2시경 술잔과 감정이 소용돌이쳐 왜들 그리 다운돼있어 뭐가 문제야 say something 분위기가 겁나 싸해 요새는 이런 게 유행인가 왜들 그리 재미없어 아 그건 나도 마찬가지 Tell me what I got to do 급한 대로 블루투스 켜 아무 노래나 일단 틀어 아무거나 신나는 걸로 아무렇게나 춤춰 아무렇지 않아 보이게 아무 생각 하기 싫어 아무개로 살래 잠시 I’m sick and tired of my everyday Keep it up 한 곡 더 아무 노래나 일단 아무 노래 아무 노래 아무 노래나 틀어봐 아무 노래 아무 노래 아무 노래나 틀어봐 아무 노래 아무 노래 아무 노래나 틀어봐 아무 노래 아무 노래 아무 노래나 KOZ 
METEOR,창모 (CHANGMO), Yeah ha Yeah ha Yeah ha Yeah ha Yeah ha Yeah ha Yeah ha Yeah ha Yeah ha Yeah ha Yeah ha Yeah ha 모두 그에게 말해 또 왔네 새꺄 whut 죽지 않고 왔다 이렇게 새꺄 뭐 Snacky chan의 라인을 빌릴래 했어 예수처럼 이렇게 부활을 031 팔 안쪽의 tatt freaky woah 어젠 시장님이 만나쟤 motown 어수룩해 엄마 속에 걱정 한 톤만큼 쌓고 스물한살에 독립했던 얘는 여섯이 되었고 발견했지 우연히 5년 전의 노트 정말 스타 되고 싶어 그럴려면 가서 만나면 돼 악마 노트를 덮고 거울에 비춰진 남자를 보니 와 저 손목이 너무 부러워 저 금 daydate rollie 넘을걸 천백은 더 전국 사람들이 외치네 저 괴물체는 뭘까 Meteor 거대 Meteor 난 네게 처박힐 Meteor야 별빛이 내려오지 마구 내려오지 경고 경고 그래도 처박힐 Meteor야 motown의 1번 노랠 기억해 니들 뭐였지 뭐였나 음 음 i’m the man in the mirror 그러니 light me up 1절의 그 별이 2절의 그 별이 그래 모두 나였지 실화가 된 동화이지 힘들 때면 홀로 쓴 노래를 불러 환상들을 보던 성냥팔이 소년이였던 나날들이 365 24 730 24에 7 1095 아 그만 세자 1400이 되니 oh 그 애랑도 하고 돔페리뇽이 만든 숙취 땜에 넋을 놓은 나를 향해 몇천 명이 와 해 본 적은 없지만 때론 어떤 존재가 내 인생을 왔다 간 듯해 그냥 그런 느낌이 들지 상관없어 환상이던 현실이던지 hands up high 전국 사람들이 외치네 저 괴물체는 뭘까 Meteor 거대 Meteor 난 네게 처박힐 Meteor야 별빛이 내려오지 마구 내려오지 경고 경고 그래도 처박힐 Meteor야 영 영 영원히 약속해 영원하기로 어둠 가득한 저 뒤로 돌려보내지 말아요 제발 제발 영 영 영원히 난 영원할 거라 믿어 흥분으로 가득차 이 도시에 나 외칠 꺼야 드디어 내가 여 왔다 
아로하,조정석, 어두운 불빛아래 촛불 하나 와인 잔에 담긴 약속하나 항상 너의 곁에서 널 지켜줄거야 날 믿어준 너였잖아 나 바라는 건 오직 하나 영원한 행복을 꿈꾸지만 화려하지 않아도 꿈같진 않아도 너만 있어주면 돼 걱정 마 I believe 언제나 I believe 이 순간을 잊지 않을게 내 품에 I believe 안긴 너의 미소가 영원히 빛을 잃어 가지 않게 Cause your love is so sweet You are my everything 첫날 밤에 단 꿈에 젖어 하는 말이 아냐 난 변하지 않아 오직 너만 바라볼거야 oh You’re light of my life You are the one in my life 내 모든걸 다 잃는대도 후회하지 않아 오직 너를 위한 변하지 않는 사랑으로 나 바라는 건 오직 하나 영원한 행복을 꿈꾸지만 화려하지 않아도 꿈같진 않아도 너만 있어주면 돼 약속해 I believe 힘들 땐 I believe 너의 그늘이 되어줄게 내품에 I believe 안긴 너의 미소가 영원히 빛을 잃어 가지 않게 Cause your love is so sweet You are my everything 첫날 밤에 단 꿈에 젖어 하는 말이 아냐 난 변하지 않아 오직 너만 바라볼거야 oh You’re light of my life You are the one in my life 내 모든걸 다 잃는대도 후회하지 않아 오직 너를 위한 변하지 않는 사랑으로 You’re light of my life You are the one in my life 내 모든걸 다 잃는대도 후회하지 않아 오직 너를 위한 변하지 않는 사랑으로 All I ever want is your love 
흔들리는 꽃들 속에서 네 샴푸향이 느껴진거야,장범준, 흔들리는 꽃들 속에서 네 샴푸향이 느껴진거야 스쳐지나간건가 뒤돌아보지만 그냥 사람들만 보이는거야 다와가는 집근처에서 괜히 핸드폰만 만지는거야 한번 연락해 볼까 용기내 보지만 그냥 내 마음만 아쉬운 거야 걷다가 보면 항상 이렇게 너를 바라만 보던 너를 기다린다고 말할까 지금 집앞에 계속 이렇게 너를 아쉬워 하다 너를 연락했다 할까 지나치는 꽃들 속에서 네 샴푸향만 보이는거야 스쳐지나간건가 뒤 돌아보지만 그냥 내 마음만 바빠진거야 걷다가 보면 항상 이렇게 너를 바라만 보던 너를 기다린다고 말할까 지금 집앞에 계속 이렇게 너를 아쉬워 하다 너를 연락했다 할까 어떤 계절이 너를 우연히라도 너를 마주치게 할까 난 이대로 아쉬워하다 너를 바라만 보던 너를 기다리면서 아무말 못하고 그리워만 할까 걷다가 보면 항상 이렇게 너를 바라만 보던 너를 생각한다고 말할까 지금 집앞에 기다리고 때론 지나치고 다시 기다리는 꽃이 피는 거리에 보고파라 이밤에 걷다가 보면 항상 이렇게 너를 아쉬워 하다 너를 기다린다고 말할까 지금 집앞에 계속 이렇게 너를 아쉬워 하다 너를 연락했다 할까 
에잇(Prod.&Feat. SUGA of BTS),아이유, So are you happy now Finally happy now are you 뭐 그대로야 난 다 잃어버린 것 같아 모든 게 맘대로 왔다가 인사도 없이 떠나 이대로는 무엇도 사랑하고 싶지 않아 다 해질 대로 해져버린 기억 속을 여행해 우리는 오렌지 태양 아래 그림자 없이 함께 춤을 춰 정해진 이별 따위는 없어 아름다웠던 그 기억에서 만나 Forever young 우우우 우우우우 우우우 우우우우 Forever we young 우우우 우우우우 이런 악몽이라면 영영 깨지 않을게 섬 그래 여긴 섬 서로가 만든 작은 섬 예 음 forever young 영원이란 말은 모래성 작별은 마치 재난문자 같지 그리움과 같이 맞이하는 아침 서로가 이 영겁을 지나 꼭 이 섬에서 다시 만나 지나듯 날 위로하던 누구의 말대로 고작 한 뼘짜리 추억을 잊는 게 참 쉽지 않아 시간이 지나도 여전히 날 붙드는 그곳에 우리는 오렌지 태양 아래 그림자 없이 함께 춤을 춰 정해진 안녕 따위는 없어 아름다웠던 그 기억에서 만나 우리는 서로를 베고 누워 슬프지 않은 이야기를 나눠 우울한 결말 따위는 없어 난 영원히 널 이 기억에서 만나 Forever young 우우우 우우우우 우우우 우우우우 Forever we young 우우우 우우우우 이런 악몽이라면 영영 깨지 않을게 
Blueming,아이유," ‘뭐해?‘라는 두 글자에 ‘네가 보고 싶어’ 나의 속마음을 담아 우 이모티콘 하나하나 속에 달라지는 내 미묘한 심리를 알까 우 아니 바쁘지 않아 nothing no no 잠들어 있지 않아 insomnia nia nia 지금 다른 사람과 함께이지 않아 응, 나도 너를 생각 중 우리의 네모 칸은 bloom 엄지손가락으로 장미꽃을 피워 향기에 취할 것 같아 우 오직 둘만의 비밀의 정원 I feel bloom I feel bloom I feel bloom 너에게 한 송이를 더 보내 밤샘 작업으로 업데이트 흥미로운 이 작품의 지은이 that’s me 우 어쩜 이 관계의 클라이맥스 2막으로 넘어가기엔 지금이 good timing 우 같은 맘인 걸 알아 realize la lize 말을 고르지 말아 just reply la la ly 조금 장난스러운 나의 은유에 네 해석이 궁금해 우리의 색은 gray and blue 엄지손가락으로 말풍선을 띄워 금세 터질 것 같아 우 호흡이 가빠져 어지러워 I feel blue. I feel blue. I feel blue. 너에게 가득히 채워 띄어쓰기없이보낼게사랑인것같애 백만송이장미꽃을, 나랑피워볼래? 꽃잎의 색은 우리 마음 가는 대로 칠해 시들 때도 예쁘게 우리의 네모 칸은 bloom 엄지손가락으로 장미꽃을 피워 향기에 취할 것 같아 우 오직 둘만의 비밀의 정원 I feel bloom I feel bloom I feel bloom 너에게 한 송이를 더 보내 "
늦은 밤 너의 집 앞 골목길에서,노을, 오래되었어 그때 너의 웃음 너의 목소리 잊혀진거 같아 시간의 위로 그 말의 의미를 이젠 알아 아픈 니 얘기도 적당히 할 수 있어 그런데 이게 뭐랄까 난 난 술 한잔하면서 괜찮은 듯 얘기하며 널 털어냈는데 집으로 돌아오면서 한 번 더 떠오른 기억에 걸음을 멈춰 서서 이렇게 울고 있어 자연스럽게 발걸음을 돌려 나 바래다주던 익숙한 길을 가 밤이 깊어져서 아무것도 보이지 않아도 손을 흔들면서 인사하던 널 봤어 그런데 이게 뭐랄까 난 난 술 한잔하면서 괜찮은 듯 얘기하며 널 털어냈는데 집으로 돌아오면서 한 번 더 떠오른 기억에 걸음을 멈춰 서서 이렇게 울고 있어 아무도 없어서 참 다행이야 나 이렇게 편안히 너를 부를 수 있는 걸 외로운 위로겠지만 그래서 이젠 뭘 할까 난 난 널 생각했어도 괜찮은 듯 얘기하며 다 지워냈는데 집으로 돌아오면서 한 번 더 떠오른 추억에 걸음을 멈춰 서서 또다시 울고 있어 
시작,가호 (Gaho), 새로운 시작은 늘 설레게 하지 모든 걸 이겨낼 것처럼 시간을 뒤쫓는 시계바늘처럼 앞질러 가고 싶어 하지 그어 놓은 선을 넘어 저마다 삶을 향해 때론 원망도 하겠지 그 선을 먼저 넘지 말라고 I can fly the sky Never gonna stay 내가 지쳐 쓰러질 때까진 어떤 이유도 어떤 변명도 지금 내겐 용기가 필요해 빛나지 않아도 내 꿈을 응원해 그 마지막을 가질 테니 부러진 것처럼 한 발로 뛰어도 난 나의 길을 갈 테니까 지금 나를 위한 약속 멈추지 않겠다고 또 하나를 앞지르면 곧 너의 뒤를 따라잡겠지 원하는 대로 다 가질 거야 그게 바로 내 꿈일 테니까 변한 건 없어 버티고 버텨 내 꿈은 더 단단해질 테니 다시 시작해 Ah ah ah ah ah Ah ah ah ah ah ah Ah ah ah ah ah Ah ah ah ah 다시는 나를 잃고 싶지 않아 내 전부를 걸었으니까 원하는 대로 다 가질 거야 그게 바로 내 꿈일 테니까 변한 건 없어 버티고 버텨 내 꿈은 더 단단해질 테니 다시 시작해 Ah ah ah ah ah Ah ah ah ah ah ah Ah ah ah ah ah Ah ah ah ah 
작은 것들을 위한 시 (Boy With Luv) (Feat. Halsey),방탄소년단, 모든 게 궁금해 How’s your day Oh tell me 뭐가 널 행복하게 하는지 Oh text me Your every picture 내 머리맡에 두고 싶어 oh bae Come be my teacher 네 모든 걸 다 가르쳐줘 Your 1 your 2 Listen my my baby 나는 저 하늘을 높이 날고 있어 그때 니가 내게 줬던 두 날개로 이제 여긴 너무 높아 난 내 눈에 널 맞추고 싶어 Yeah you makin’ me a boy with luv Oh my my my oh my my my I've waited all my life 네 전부를 함께하고 싶어 Oh my my my oh my my my Looking for something right 이제 조금은 나 알겠어 I want something stronger Than a moment than a moment love I have waited longer For a boy with For a boy with luv 널 알게 된 이후 ya 내 삶은 온통 너 ya 사소한 게 사소하지 않게 만들어버린 너라는 별 하나부터 열까지 모든 게 특별하지 너의 관심사 걸음걸이 말투와 사소한 작은 습관들까지 다 말하지 너무 작던 내가 영웅이 된 거라고 Oh nah 난 말하지 운명 따윈 처음부터 내 게 아니었다고 Oh nah 세계의 평화 No way 거대한 질서 No way 그저 널 지킬 거야 난 Boy with luv Listen my my baby 나는 저 하늘을 높이 날고 있어 그때 니가 내게 줬던 두 날개로 이제 여긴 너무 높아 난 내 눈에 널 맞추고 싶어 Yeah you makin’ me a boy with luv Oh my my my oh my my my You got me high so fast 네 전부를 함께하고 싶어 Oh my my my oh my my my You got me fly so fast 이제 조금은 나 알겠어 Love is nothing stronger Than a boy with luv Love is nothing stronger Than a boy with luv 툭 까놓고 말할게 나도 모르게 힘이 들어가기도 했어 높아버린 sky 커져버린 hall 때론 도망치게 해달라며 기도했어 But 너의 상처는 나의 상처 깨달았을 때 나 다짐했던 걸 니가 준 이카루스의 날개로 태양이 아닌 너에게로 Let me fly Oh my my my oh my my my I've waited all my life 네 전부를 함께하고 싶어 Oh my my my oh my my my Looking for something right 이제 조금은 나 알겠어 I want something stronger Than a moment than a moment love Love is nothing stronger Than a boy with luv 
Psycho,Red Velvet (레드벨벳), Psycho 널 어쩌면 좋을까 이런 맘은 또 첨이라 Up &amp; Down이 좀 심해 조절이 자꾸 잘 안돼 하나 확실한 건 I don’t play the game 우리 진짜 별나대 그냥 내가 너무 좋아해 넌 그걸 너무 잘 알고 날 쥐락펴락해 나도 마찬가지인걸 우린 참 별나고 이상한 사이야 서로를 부서지게 (부서지게) 그리곤 또 껴안아 (그리곤 또 껴안아) You got me feeling like a psycho psycho 우릴 보고 말해 자꾸 자꾸 다시 안 볼 듯 싸우다가도 붙어 다니니 말야 이해가 안 간대 웃기지도 않대 맞아 Psycho psycho 서로 좋아 죽는 바보 바보 너 없인 어지럽고 슬퍼져 기운도 막 없어요 둘이 잘 만났대 Hey now we’ll be ok Hey trouble 경고 따윈 없이 오는 너 I’m original visual 우린 원래 이랬어 Yeah 두렵지는 않아 (흥미로울 뿐) It’s hot! Let me just hop 어떻게 널 다룰까? Ooh 어쩔 줄을 몰라 너를 달래고 매섭게 발로 차도 가끔 내게 미소 짓는 널 어떻게 놓겠어 Ooh 우린 아름답고 참 슬픈 사이야 서로를 빛나게 해 (Tell me now) 마치 달과 강처럼 그리곤 또 껴안아 You got me feeling like a psycho psycho 우릴 보고 말해 자꾸 자꾸 다시 안 볼 듯 싸우다가도 붙어 다니니 말야 이해가 안 간대 웃기지도 않대 맞아 Psycho psycho 서로 좋아 죽는 바보 바보 너 없인 어지럽고 슬퍼져 기운도 막 없어요 둘이 잘 만났대 Hey now we’ll be ok Don’t look back 그렇게 우리답게 가보자 난 온몸으로 널 느끼고 있어 Everything will be ok (You got me feeling like a psycho) Like a psycho psycho 우릴 보고 말해 자꾸 자꾸 다시 안 볼 듯 싸우다가도 붙어 다니니 말야 둘이 잘 만났대 Hey now we’ll be ok Hey now we’ll be ok Hey now we’ll be ok Hey now we’ll be ok Hey now we’ll be ok It’s alright It’s alright Hey now we’ll be ok Hey now we’ll be ok Hey now we’ll be ok Hey now we’ll be ok It’s alright It’s alright 우린 좀 이상해 Psycho 
"어떻게 이별까지 사랑하겠어, 널 사랑하는 거지",AKMU (악뮤), 일부러 몇 발자국 물러나 내가 없이 혼자 걷는 널 바라본다 옆자리 허전한 너의 풍경 흑백 거리 가운데 넌 뒤돌아본다 그때 알게 되었어 난 널 떠날 수 없단 걸 우리 사이에 그 어떤 힘든 일도 이별보단 버틸 수 있는 것들이었죠 어떻게 이별까지 사랑하겠어 널 사랑하는 거지 사랑이라는 이유로 서로를 포기하고 찢어질 것같이 아파할 수 없어 난 두세 번 더 길을 돌아갈까 적막 짙은 도로 위에 걸음을 포갠다 아무 말 없는 대화 나누며 주마등이 길을 비춘 먼 곳을 본다 그때 알게 되었어 난 더 갈 수 없단 걸 한 발 한 발 이별에 가까워질수록 너와 맞잡은 손이 사라지는 것 같죠 어떻게 이별까지 사랑하겠어 널 사랑하는 거지 사랑이라는 이유로 서로를 포기하고 찢어질 것같이 아파할 수 없어 난 어떻게 내가 어떻게 너를 이후에 우리 바다처럼 깊은 사랑이 다 마를 때까지 기다리는 게 이별일 텐데 어떻게 내가 어떻게 너를 이후에 우리 바다처럼 깊은 사랑이 다 마를 때까지 기다리는 게 이별일 텐데 
Dynamite,방탄소년단, Cos ah ah I’m in the stars tonight So watch me bring the fire and set the night alight Shoes on get up in the morn Cup of milk let’s rock and roll King Kong kick the drum rolling on like a rolling stone Sing song when I’m walking home Jump up to the top LeBron Ding dong call me on my phone Ice tea and a game of ping pong This is getting heavy Can you hear the bass boom I’m ready Life is sweet as honey Yeah this beat cha ching like money Disco overload I’m into that I’m good to go I'm diamond you know I glow up Hey so let’s go Cos ah ah I’m in the stars tonight So watch me bring the fire and set the night alight Shining through the city with a little funk and soul So I’mma light it up like dynamite woah Bring a friend join the crowd Whoever wanna come along Word up talk the talk just move like we off the wall Day or night the sky’s alight So we dance to the break of dawn Ladies and gentlemen I got the medicine so you should keep ya eyes on the ball huh This is getting heavy Can you hear the bass boom I’m ready Life is sweet as honey Yeah this beat cha ching like money Disco overload I’m into that I’m good to go I'm diamond you know I glow up Let’s go Cos ah ah I’m in the stars tonight So watch me bring the fire and set the night alight Shining through the city with a little funk and soul So I’mma light it up like dynamite woah Dynnnnnanana life is dynamite Dynnnnnanana life is dynamite Shining through the city with a little funk and soul So I’mma light it up like dynamite woah Dynnnnnanana eh Dynnnnnanana eh Dynnnnnanana eh Light it up like dynamite Dynnnnnanana eh Dynnnnnanana eh Dynnnnnanana eh Light it up like dynamite Cos ah ah I’m in the stars tonight So watch me bring the fire and set the night alight Shining through the city with a little funk and soul So I’mma light it up like dynamite Cos ah ah I’m in the stars tonight So watch me bring the fire and set the night alight Shining through the city with a little funk and soul So I’mma light it up like dynamite woah Dynnnnnanana life is dynamite Dynnnnnanana life is dynamite Shining through the city with a little funk and soul So I’mma light it up like dynamite woah 
마음을 드려요,아이유, 당신에게 드릴 게 없어서 나의 마음을 드려요 그대에게 받은 게 많아서 표현을 다 할 수가 없어요 나지막한 인사에 수많은 내 마음 고이 담아 그대에게로 건네면 내 마음 조금 알까요 어떤 이유로 만나 나와 사랑을 하고 어떤 이유로 내게 와 함께 있어준 당신 부디 행복한 날도 살다 지치는 날도 모두 그대의 곁에 내가 있어줄 수 있길 어떤 소식 보다 더 애타게 기다려지는 그대 엇갈리지 않게 여기 기다릴게요 눌러 적은 편지에 수많은 그리움 고이 담아 그대 내게로 올 때면 그 손에 쥐어줄게요 어떤 이유로 만나 나와 사랑을 하고 어떤 이유로 내게 와 함께 있어준 당신 부디 행복한 날도 살다 지치는 날도 모두 그대의 곁에 내가 있어줄 수 있길 네 번의 모든 계절들과 열두 달의 시간을 너와 숨이 차게 매일 사랑하며 함께 할게 어떤 이유로 만나 우리 사랑을 했던 지금 이 순간처럼 매일 바라보며 애써주기를 부디 행복한 날도 살다 지치는 날도 모두 그대의 곁에 내가 있어줄 수 있길 부디 추억만 남지 않길 너완 
처음처럼,엠씨더맥스 (M.C the MAX), 눈이 부시게 웃던 널 기억해 이제는 다시 볼 수 없게 됐지만 끝내 붙잡았던 기억들만 이 겨울을 지나간다 나지막이 들리지 않게 전하는 기다릴게 이 한마디 대신 피고 진다 뜨겁게 시린 우리 사랑 보내지 못한 계절처럼 피어나 단 한 번도 겨울이 없었던 것처럼 피어나 언제라도 사랑스러운 그대로 추억은 지나버린 계절에 그대로 놓아두고서 그래 처음처럼 가슴속에 켜켜이 쌓은 그리움 이 눈물로 흘려내면 그뿐 이 눈물이 그댈 피워낼 수 있다면 그걸로 나는 괜찮은걸 피어나 단 한 번도 겨울이 없었던 것처럼 피어나 언제라도 사랑스러운 그대로 스치듯 그대 곁에 맴도는 이 작은 한마디조차 여기 남겨두고 아픈 기억은 여기 남기고 피어나 우리 처음 만났던 그때 그대처럼 피어나 사랑했던 그대 모습 그대로 추억은 지나버린 계절에 그대로 놓아두고서 마치 처음처럼 
How You Like That,BLACKPINK," 보란 듯이 무너졌어 바닥을 뚫고 저 지하까지 옷 끝자락 잡겠다고 저 높이 두 손을 뻗어봐도 다시 캄캄한 이곳에 light up the sky 네 두 눈을 보며 I’ll kiss you goodbye 실컷 비웃어라 꼴좋으니까 이제 너희 하나 둘 셋 Ha how you like that? You gon’ like that that that that that How you like that? How you like that that that that that Now look at you now look at me Look at you now look at me Look at you now look at me How you like that Now look at you now look at me Look at you now look at me Look at you now look at me How you like that Your girl need it all and that’s a hundred 백 개 중에 백 내 몫을 원해 Karma come and get some 딱하지만 어쩔 수 없잖아 What’s up, I’m right back 방아쇠를 cock back Plain Jane get hijacked Don’t like me? Then tell me how you like that 더 캄캄한 이곳에 shine like the stars 그 미소를 띠며 I’ll kiss you goodbye 실컷 비웃어라 꼴좋으니까 이제 너희 하나 둘 셋 Ha how you like that? You gon’ like that that that that that How you like that? How you like that that that that that Now look at you now look at me Look at you now look at me Look at you now look at me How you like that Now look at you now look at me Look at you now look at me Look at you now look at me How you like that 날개 잃은 채로 추락했던 날 어두운 나날 속에 갇혀 있던 날 그때쯤에 넌 날 끝내야 했어 Look up in the sky it’s a bird it’s a plane Bring out your boss bish BLACKPINK! How you like that You gon’ like that How you like that "
살짝 설렜어 (Nonstop),오마이걸 (OH MY GIRL), going nonstop 말도 안 되잖아 그치 yayayaya 우린 서로가 모르는 게 없는 사인 걸 이토록 빤히 nanananana like nanananana 우리 사이 비밀 따위 있을 리 없는 걸 다 봤지 우린 hi hi weak body like them burning and burn but 쉿 요즘 오늘 또 내일 매일 다른 아는 옷 이렇게 달라 보인다고 hoo 흑역사까지 전부 알고 있는 널 yeah 절대 그럴 리는 없어 난 never ever 그래야만 해 무인도에 어느 날 떨어진 거야 둘만 남게 됐다면 넌 어떨 것 같아 생각만 해도 무섭다 얼굴을 찌푸렸지만 너에겐 얘기 못 해 절대로 살짝 설렜어 난 oh nanananana 살짝 설렜어 난 oh nanananana 그럴 일 없지만 살짝 설렜어 난 nonstop nonstop nonstop nonstop nonstop 그럴 일 없지만 살짝 설렜어 난 요즘 나 너무 외로워 좀 이상해진 것 같아 너를 보면서 심장이 뛴 건 back it up pack it up 비켜 서 있어 두근거렸던 게 문제야 아냐 그게 대체 왜 죄야 선을 넘은 거야 fz 레이더 오르락내리락 여긴 friend zone 무인도에 어느 날 떨어진 거야 둘만 남게 됐다면 넌 어떨 것 같아 생각만 해도 무섭다 얼굴을 찌푸렸지만 너에겐 얘기 못 해 절대로 살짝 설렜어 난 oh nanananana 살짝 설렜어 난 oh nanananana 그럴 일 없지만 살짝 설렜어 난 I have to go to the bed by night 졸음이 오는 걸까 time 필요하지 않지 아마 머릿속은 이미 지름길이잖아 네가 원한다면 내가 뒤로 두 칸 Did you wanna twin spot nop 한 칸 유감인 척 하지 마 설레는 거 맞잖아 꽤나 혼란스러워 이러는 나도 누구보다 더 이럴 땐 너를 찾아갔지만 이 고민만큼은 네게 말할 수 없어 언제부턴가 널 보면 살짝 설렜어 난 살짝 설렜어 난 oh nanananana 살짝 설렜어 난 oh nanananana 그럴 일 없지만 살짝 설렜어 난 nonstop nonstop nonstop nonstop nonstop 그럴 일 없지만 살짝 설렜어 난 nonstop nonstop nonstop nonstop nonstop 넌 알 리 없지만 살짝 설렜어 난 
ON,방탄소년단," I can't understand what people are sayin' 어느 장단에 맞춰야 될지 한 발자국 떼면 한 발자국 커지는 shadow 잠에서 눈을 뜬 여긴 또 어디 어쩜 서울 또 New York or Paris 일어나니 휘청이는 몸 Look at my feet, look down 날 닮은 그림자 흔들리는 건 이놈인가 아니면 내 작은 발끝인가 두렵잖을 리 없잖아 다 괜찮을 리 없잖아 그래도 I know 서툴게 I flow 저 까만 바람과 함께 날아 Hey na na na 미치지 않으려면 미쳐야 해 Hey na na na 나를 다 던져 이 두 쪽 세상에 Hey na na na Can’t hold me down cuz you know I’m a fighter 제 발로 들어온 아름다운 감옥 Find me and I'm gonna live with ya (Eh-oh) 가져와 bring the pain oh yeah (Eh-oh) 올라타봐 bring the pain oh yeah Rain be pourin' Sky keep fallin' Everyday oh na na na (Eh-oh) 가져와 bring the pain oh yeah Bring the pain 모두 내 피와 살이 되겠지 Bring the pain No fear, 방법을 알겠으니 작은 것에 breathe 그건 어둠 속 내 산소와 빛 내가 나이게 하는 것들의 힘 넘어져도 다시 일어나 scream 넘어져도 다시 일어나 scream 언제나 우린 그랬으니 설령 내 무릎이 땅에 닿을지언정 파묻히지 않는 이상 그저 그런 해프닝쯤 될 거란 걸 Win no matter what Win no matter what Win no matter what 네가 뭐라던 누가 뭐라던 I don't give a uhh I don't give a uhh I don't give a uhh Hey na na na 미치지 않으려면 미쳐야 해 Hey na na na 나를 다 던져 이 두 쪽 세상에 Hey na na na Can’t hold me down cuz you know I’m a fighter 제 발로 들어온 아름다운 감옥 Find me and I'm gonna live with ya (Eh-oh) 가져와 bring the pain oh yeah (Eh-oh) 올라타봐 bring the pain oh yeah Rain be pourin' Sky keep fallin' Everyday oh na na na (Eh-oh) 가져와 bring the pain oh yeah 나의 고통이 있는 곳에 내가 숨 쉬게 하소서 My everythin’ My blood and tears Got no fears I'm singin’ ohhhhh Oh I’m takin’ over You should know yeah Can’t hold me down cuz you know I’m a fighter 깜깜한 심연 속 기꺼이 잠겨 Find me and I’m gonna bleed with ya (Eh-oh) 가져와 bring the pain oh yeah (Eh-oh) 올라타봐 bring the pain oh yeah Rain be pourin' Sky keep fallin' Everyday oh na na na (Eh-oh) Find me and I’m gonna bleed with ya (Eh-oh) 가져와 bring the pain oh yeah (Eh-oh) 올라타봐 bring the pain oh yeah All that I know is just goin’ on &amp; on &amp; on &amp; on (Eh-oh) 가져와 bring the pain oh yeah "
오늘도 빛나는 너에게 (To You My Light) (Feat.이라온),마크툽 (MAKTUB), 별빛이 내린 밤 그 풍경 속 너와 나 날 새롭게 하는 따뜻하게 만드는 니 눈빛 니 미소 영원히 담아둘게 너로 가득한 맘 널 닮아가는 나 날 위한 선물 꿈보다 더 아름다운 서로의 품에서 끝 없는 밤을 걷자 나의 모든 날들을 다 주고싶어 내 이 맘을 모두 전하고 싶어 잠들지 못한 푸른 바람들 이렇게 밝게 이 밤을 비춰 너와 작은 일상을 함께 하는게 내 가장 큰 기쁨인걸 넌 알까 내 세상 속에 넌 빛이 되어 지금 모습 그대로 내 곁에만 행복이 짙은 날 어둠이 없는 밤 같은 맘 속에 같은 꿈이 피어난 건 우리의 정해진 운명이 맞닿은거야 나의 모든 날들을 다 주고싶어 내 이 맘을 모두 전하고 싶어 잠들지 못한 푸른 바람들 이렇게 밝게 이 밤을 비춰 너와 작은 일상을 함께 하는게 내 가장 큰 기쁨인걸 넌 알까 내 세상 속에 넌 빛이 되어 지금 모습 그대로 내 곁에만 내게 온 너란 빛이 눈 부셔도 네 앞에서 한 순간도 눈 감지 않아 다가올 시간도 계절의 바람도 널 데려가지 못하게 내가 더 좋은 사람이 되고 싶어 더 아름답게 널 안을 수 있게 잠들지 못한 잠들 수 없는 바람들이 널 부르고 있어 언제까지나 너와 함께 할거야 내 마지막 숨결도 너일거야 내 세상 속에 넌 빛이 되어 지금 모습 그대로 내 곁에만 이렇게 밝게 이 밤을 비춰 
Downtown Baby,블루 (BLOO), 너는 나의 다운타운 베이비야 너의 눈은 밤하늘에 별이야 매일마다 꾸고 싶은 꿈이야 Baby without you I can’t do this anymore 너는 나의 다운타운 베이비야 너의 눈은 밤하늘에 별이야 매일마다 꾸고 싶은 꿈이야 Baby without you I can’t do this anymore 628 너 집 번호 네 집 앞이니까 나와 Let’s Roll 시간 아까우니 잡아 나의 두 손 I don’t wanna let go 핑크머리색에 피어싱은 세 개 너는 좋아했지 나의 팔베개 우린 서로 아파하는 짓도 나빠 하나밖에 없는 Downtown Baby 너는 나의 다운타운 베이비야 너의 눈은 밤하늘에 별이야 매일마다 꾸고 싶은 꿈이야 Baby without you I can’t do this anymore 너는 나의 다운타운 베이비야 너의 눈은 밤하늘에 별이야 매일마다 꾸고 싶은 꿈이야 Baby without you I can’t do this anymore 영화 보고 Let’s drink all night long 담배 한 대 피며 Talk all night long 힘든 일이 있을 땐 내게 와 일로 너의 얇은 팔로 감싸 나를 사이로 지금 아프더라도 It’s alright 시간은 다 지나가 It’s alright 항상 그랬지 넌 손발이 차가워 그래서 내게 말했지 빨리 안아줘 I’ll make you Rich 조금만 기다려 네가 없는 날에는 Raining I’ll do anything 조금만 기다려 맑았던 하늘도 다시 보니 Gray 술도 한잔 못 했던 네가 날 만나 와인을 사와 술도 한잔 못 했던 네가 날 만나 마음이 아파 너는 나의 다운타운 베이비야 너의 눈은 밤하늘에 별이야 매일마다 꾸고 싶은 꿈이야 Baby without you I can’t do this anymore 너는 나의 다운타운 베이비야 너의 눈은 밤하늘에 별이야 매일마다 꾸고 싶은 꿈이야 Baby without you I can’t do this anymore It’s okay baby 항상 같은 자리에서 있을게 It’s okay baby 널 위해 내 핸드폰을 켜 놓을게 It’s okay baby 항상 같은 자리에서 있을게 It’s okay baby 널 위해 내 핸드폰을 켜 놓을게 너는 나의 다운타운 베이비야 너의 눈은 밤하늘에 별이야 매일마다 꾸고 싶은 꿈이야 Baby without you I can’t do this anymore 너는 나의 다운타운 베이비야 너의 눈은 밤하늘에 별이야 매일마다 꾸고 싶은 꿈이야 Baby without you I can’t do this anymore 
마리아 (Maria),화사 (HWASA), 욕을 하도 먹어 체했어 하도 서러워도 어쩌겠어 I do 모두들 미워하느라 애썼네 날 무너뜨리면 밥이 되나 외로워서 어떡해 미움마저 삼켰어 화낼 힘도 없어 여유도 없고 뭐 그리 아니꼬와 가던 길 그냥 가 왜들 그래 서럽게 마리아 마리아 널 위한 말이야 빛나는 밤이야 널 괴롭히지마 오 마리아 널 위한 말이야 뭐 하러 아등바등해 이미 아름다운데 (yeah) Oh na ah ah (yeah) 널 위한 말이야 (yeah) Oh na ah ah (yeah) 아름다워 마리아 No frame no fake 지끈 지끈거려 하늘은 하늘색 사는 게 다 뻔해 내가 갈 길은 내가 바꾸지 뭐 위기는 기회로 다 바꾸지 뭐 굳이 우는 꼴이 보고 싶다면 옜다 눈물 외로워서 어떡해 미움마저 삼켰어 화낼 힘도 없어 이유도 없고 마음을 더럽히지마 타락하기엔 아직 일러 마리아 마리아 널 위한 말이야 빛나는 밤이야 널 괴롭히지마 오 마리아 널 위한 말이야 뭐 하러 아등바등해 이미 아름다운데 (yeah) Oh na ah ah (yeah) 널 위한 말이야 (yeah) Oh na ah ah (yeah) 아름다워 마리아 마리아 마리아 널 위한 말이야 빛나는 밤이야 널 괴롭히지마 오 마리아 널 위한 말이야 뭐 하러 아등바등해 이미 아름다운데 (yeah) Oh na ah ah (yeah) 널 위한 말이야 (yeah) 널 위한 말이야 (yeah) 아름다워 마리아 
어떻게 지내 (Prod. By VAN.C),오반, 어떻게 지내 식상한 말이 내 가사가 될 줄 몰랐어 얼마 안됐네 지나온 날이 다 알아도 그립더라고 i still need you i need you i still need you i need you 시간이 필요했어 우린 정말 사랑했지만 가살 쓰는 법도 잊어버리게 됐지 난 넌 헤어지면 우리 노랠 제발 내지 말아 달라 했지만 못 들어줘 미안 나는 하루 종일 누워 있었어 불면이 심해져서 안 피곤한 날이 없어 가끔은 문 밖에서 누가 문을 두드려 그건 환상인데도 나는 두려워 다시 눈 뜨면 니가 있을까 그럼 무서운 표정을 지을까 아니면 어떤 대화를 나누고 싶어질 수도 있어 그때처럼 대체 왜 보고싶지 남겨진 상처 대신 남은 건 혼자 돼버린 역시 너와 나겠지 난 아직 낯설기만 해 넌 어때 더 지독해 지기 전에 잊어볼게 어떻게 지내 식상한 말이 내 가사가 될 줄 몰랐어 얼마 안됐네 지나온 날이 다 알아도 그립더라고 i still need you i need you i still need you i need you 월요일에 병원을 예약했어 너 없이 사는게 힘들었나봐 하루도 빼지 않고 사람을 만나 너도 알겠지만 오봉이도 데려 왔어 너무 그리워하지 않더라 예범이는 난 약을 먹었지만 아닐거야 별일은 자전거를 타고 어디론가 가려하면 다 너와 간 곳 뿐인게 좀 그럴 뿐야 여기저기에 핑계를 대 불면증 습관이 돼 너가 아닌 사람에게 널 원하고 흉터가 된 상처는 더 이상 아프지가 않잖아 그래서 널 그리나봐 이젠 눈물이 나와 널 다치게 하지 않을 순 없었을까 만약 나 때문이었다면 다 나 때문이면 어떻게 지내 식상한 말이 내 가사가 될 줄 몰랐어 얼마 안됐네 지나온 날이 다 알아도 그립더라고 i still need you i need you i still need you i need you 널 이렇게 망가지게 한 게 나인 건 아닐까 내가 이렇게 망가지다니 대체 왜 병원에 다닐까 널 이렇게 망가지게 한 게 나인 건 아닐까 내가 이렇게 망가지다니 대체 왜 병원에 다닐까 
"모든 날, 모든 순간 (Every day, Every Moment)",폴킴, 네가 없이 웃을 수 있을까 생각만 해도 눈물이나 힘든 시간 날 지켜준 사람 이제는 내가 그댈 지킬 테니 너의 품은 항상 따뜻했어 고단했던 나의 하루에 유일한 휴식처 나는 너 하나로 충분해 긴 말 안 해도 눈빛으로 다 아니깐 한 송이의 꽃이 피고 지는 모든 날 모든 순간 함께해 햇살처럼 빛나고 있었지 나를 보는 네 눈빛은 꿈이라고 해도 좋을 만큼 그 모든 순간은 눈부셨다 불안했던 나의 고된 삶에 한줄기 빛처럼 다가와 날 웃게 해준 너 나는 너 하나로 충분해 긴 말 안 해도 눈빛으로 다 아니깐 한 송이의 꽃이 피고 지는 모든 날 모든 순간 함께해 알 수 없는 미래지만 네 품속에 있는 지금 순간 순간이 영원 했으면 해 갈게 바람이 좋은 날에 햇살 눈부신 어떤 날에 너에게로 처음 내게 왔던 그날처럼 모든 날 모든 순간 함께해 
다시 여기 바닷가,"싹쓰리 (유두래곤, 린다G, 비룡)", 예아 호우 예예예 싹쓰리 인더 하우스 커커커커커몬 싹 쓰리 투 렛츠고 나 다시 또 설레어 이렇게 너를 만나서 함께 하고 있는 지금 이 공기가 다시는 널 볼 순 없을 거라고 추억일 뿐이라 서랍 속에 꼭 넣어뒀는데 흐르는 시간 속에서 너와 내 기억은 점점 희미해져만 가 끝난 줄 알았어 지난여름 바닷가 너와 나 단둘이 파도에 취해서 노래하며 같은 꿈을 꾸었지 다시 여기 바닷가 이제는 말하고 싶어 네가 있었기에 내가 더욱 빛나 별이 되었다고 다들 덥다고 막 짜증내 괜찮아 우리 둘은 따뜻해 내게 퐁당 빠져버린 널 이젠 구하러 가지 않을 거야 모래 위 펴펴펴편지를 써 밀물이 밀려와도 못 지워 추억이 될 뻔한 첫 느낌 너랑 다시 한번 받아 보고 싶어 흐르는 시간 속에서 너와 내 기억은 점점 희미해져만 가 끝난 줄 알았어 지난여름 바닷가 너와 나 단둘이 파도에 취해서 노래하며 같은 꿈을 꾸었지 다시 여기 바닷가 이제는 말하고 싶어 네가 있었기에 내가 더욱 빛나 별이 되었다고 시간의 강을 건너 또 맞닿은 너와 나 소중한 사랑을 영원히 간직해줘 지난여름 바닷가 너와 나 단둘이 파도에 취해서 노래하며 같은 꿈을 꾸었지 다시 여기 바닷가 이제는 말하고 싶어 네가 있었기에 내가 더욱 빛나 별이 되었다고 
Dolphin,오마이걸 (OH MY GIRL), oh my god 타이밍이 참 얄미워 오늘 같은 날 마주쳐 이게 뭐야 머리는 엉망인 데다 상태가 말이 아니야 모른 척 지나가 줘 내 맘이 방심할 때마다 불쑥 나타난 뒤 헤엄치듯 멀어지는 너 또 물보라를 일으켜 da da da da da da da da da da da da da da 또 물보라를 일으켜 da da da da da da da da da da da da da da 또 물보라를 일으켜 어쩐지 오늘 알람이 안 울려 아무거나 막 입었고 지각이야 아래로 몸을 낮추고 숨을 꾹 참아봤지만 아이쿠 들켰나 봐 내 맘이 방심할 때마다 불쑥 나타난 뒤 헤엄치듯 멀어지는 너 또 물보라를 일으켜 da da da da da da da da da da da da da da 또 물보라를 일으켜 da da da da da da da da da da da da da da 또 물보라를 일으켜 이 파도 위 난 온종일 서핑을 하는 느낌 아찔한 feeling 난 솔직히 푹 빠졌지 하지만 이건 secret 또 물보라를 일으켜 갑자기 웃으며 얼굴을 불쑥 다가온 뒤 원을 갈라 하트를 그려 또 물보라를 일으켜 da da da da da da da da da da da da da da 또 물보라를 일으켜 da da da da da da da da da da da da da da 또 물보라를 일으켜 da da da da da da da da da da da da da da 또 물보라를 일으켜 da da da da da da da da da da da da da da 또 물보라를 일으켜 
사랑하게 될 줄 알았어,전미도, 널 처음 사진으로 본 그날 구십구년 일월 삼십일일 그날 이후 지금 이 순간까지 나 하나만 기다려준 너를 오늘도 습관 같은 내 전화 따스히 받아 주는 너에게 세상 가장 행복한 사람으로 만들어 준 너를 너무 사랑해 사랑하게 될 줄 알았어 우리 처음 만난 그날에 시간 속에 희미해지는 사랑에 그대가 흔들린대도 그땐 내가 잡을게요 그대처럼 너무 편한 사이가 싫어서 너무 오랜 사랑 힘들어서 아픈 눈물 흘리는 널 돌아선 못된 내 마음도 기다려준 너를 사랑하게 될 줄 알았어 우리 처음 만난 그날에 시간 속에 희미해지는 사랑에 그대가 흔들린대도 그땐 내가 잡을게요 그대처럼 얼마나 힘들었을까 못난 내 눈물도 따스히 감싸준 너를 오 사랑하게 될 줄 알았어 우리 처음 만난 그날에 시간 속에 희미해지는 사랑에 그대가 흔들린대도 내가 잡을게요 아무 걱정 마요 내 손을 잡아요 처음 그날처럼 우리 
안녕,폴킴, 안녕 이라는 말을해 짧은 시간을 뒤로 한채로 여전히 아프겠지만 하룻밤 자고 나면 사라지는 꿈처럼 너를 oh 잊게될까 두려워져 무심히 널 떠올리게 되면 불안해지는 맘 어떻게 해야하니 안녕 이제는 안녕 이 말 도저히 할 수가 없어 너로 가득찬 내 마음 겨우 내가 할 수 있는 일 너를 사랑하는 거 다시 널 만날 수 있길 아주 오래 전부터 정해진 연일지도 너밖에 모를 내가 되었던 그때가 두려워져 널 안고 있으면 자꾸 욕심이나 어쩔 수 없는걸 안녕 이제는 안녕 이 말 도저히 할 수가 없어 너로 가득찬 내 마음 겨우 내가 할 수 있는 일 너를 사랑하는 거 다시 널 만날 수 있길 굳게 닫힌 저 문이 열리면 그때는 널 다시 볼 수 있을까 잠시 스치듯 만나 운명처럼 날 꽃 피우게 해 매일 널 꿈꾸겠지만 가득 채울 그리움만큼 바라는 건 단 하나 계속 내 곁에 있어줘 
그때 그 아인,김필, 길었던 하루 그림잔 아직도 아픔을 서성일까 말없이 기다려 보면 쓰러질 듯 내게 와 안기는데 마음에 얹힌 슬픈 기억은 쏟아낸 눈물로는 지울 수 없어 어디서부터 지워야 할까 허탈한 웃음만이 가슴에 박힌 선명한 기억 나를 비웃듯 스쳐 가는 얼굴들 잡힐 듯 멀리 손을 뻗으면 달아나듯 조각난 나의 꿈들만 두 갈래 길을 만난 듯 멍하니 한참을 바라보다 무언가 나를 이끌던 목소리에 한참을 돌아보면 지나온 모든 순간은 어린 슬픔만 간직한 채 커버렸구나 혼자서 잠들었을 그 밤도 아픔을 간직한 채 시간은 벌써 나를 키우고 세상 앞으로 이젠 나가 보라고 어제의 나는 내게 묻겠지 웃을 만큼 행복해진 것 같냐고 아직 허기진 소망이 가득 메워질 때까지 시간은 벌써 나를 키우고 세상 앞으로 이젠 나가 보라고 어제의 나는 내게 묻겠지 웃을 만큼 행복해진 것 같냐고 아주 먼 훗날 그때 그 아인 꿈꿔왔던 모든 걸 가진 거냐고 
취기를 빌려 (취향저격 그녀 X 산들),산들, 언제부턴가 불쑥 내 습관이 돼버린 너 혹시나 이런 맘이 어쩌면 부담일까 널 주저했어 언제부턴가 점점 내 하루에 스며든 너 아침을 깨우는 네 생각에 어느샌가 거리엔 어둠이 젖어 들고 취기를 빌려 오늘 너에게 고백할 거야 하루하루 네가 좋다고 괜히 어색할까 혼자 애만 태우다 끝끝내 망설여왔던 순간 알잖아 나 무뚝뚝하고 말도 없는 걸 서툰 표현이 쑥스러워서 괜히 쓰다 지울 문자만 바라보다 멋쩍은 쓴웃음만 언제부턴가 가끔 너와 마주칠 때마다 한참을 머뭇거린 어설픈 손 인사만 오늘 밤도 후회로 잦아들고 취기를 빌려 오늘 너에게 고백할 거야 하루하루 보고 싶다고 괜히 어색할까 혼자 애만 태우다 수없이 연습해왔던 그 말 알잖아 나 무뚝뚝하고 말도 없는 걸 서툰 표현이 쑥스러워서 괜히 쓰다 지울 문자만 바라보다 멋쩍은 쓴웃음만 첫눈을 빌려 오늘은 꼭 고백할 거야 작은 너를 품에 안고서 눈을 마주하고 너무 사랑한다고 함께 하고 싶다고 
Love poem,아이유," 누구를 위해 누군가 기도하고 있나 봐 숨죽여 쓴 사랑시가 낮게 들리는 듯해 너에게로 선명히 날아가 늦지 않게 자리에 닿기를 I’ll be there 홀로 걷는 너의 뒤에 Singing till the end 그치지 않을 이 노래 아주 잠시만 귀 기울여 봐 유난히 긴 밤을 걷는 널 위해 부를게 또 한 번 너의 세상에 별이 지고 있나 봐 숨죽여 삼킨 눈물이 여기 흐르는 듯해 할 말을 잃어 고요한 마음에 기억처럼 들려오는 목소리 I’ll be there 홀로 걷는 너의 뒤에 Singing till the end 그치지 않을 이 노래 아주 커다란 숨을 쉬어 봐 소리 내 우는 법을 잊은 널 위해 부를게 (다시 걸어갈 수 있도록) 부를게 (다시 사랑할 수 있도록) Here i am 지켜봐 나를, 난 절대 Singing till the end 멈추지 않아 이 노래 너의 긴 밤이 끝나는 그날 고개를 들어 바라본 그곳에 있을게 "
HIP,마마무 (Mamamoo), All I wanna be is 멋짐 내 마음대로 골라 kick it 머리 어깨 무릎 다 HIP 해 Do it do it like me do it 나를 따라 해 kick it Clapping clapping 모두 같이 HIP I love you 네가 뭐라든 간에 Respect you 네가 뭘 하든 간에 늘 따끈따끈해 그 관심이 따끔따끔해 또 힐끔 힐끔 힐끔 이젠 모든 일이 가뿐해 veteran 성공을 썰어 먹어 마치 michelin 누구보다 빠른 걸음을 걸었네 비시즌 잊은 지도 오래야 뒷걸음 All I wanna be is 멋짐 내 멋대로 골라 kick it 머리 어깨 무릎 다 HIP 삐삐삐 논란이 돼 my fashion 별로 신경 안 써 그저 action 자꾸 click me click me 홀린 듯이 zoom Close up close up close up HIP 해 HIP HIP 머리 어깨 무릎 HIP HIP HIP HIP HIP HIP HIP 해 HIP HIP 머리 어깨 무릎 HIP HIP HIP HIP HIP 해 HIP Attention 어딜 가든 넌 Reflection 빛날 수 있어 세상에 넌 하나뿐인 걸 근데 왜이래 네 얼굴에 침 뱉니 칵투 날 자극한 여러분 감사 거기서 멈춘 찌질이 반사 덕분에 나의 멘탈은 단단해 난 다음 앨범 만들러 갈게 All you wanna be is trendy 어그로 끌기 gimmick 때찌 그런 애들 끼리끼리 HIP 삐삐삐 논란이 돼 my fashion 별로 신경 안 써 그저 action 자꾸 click me click me 홀린 듯이 zoom Close up close up close up HIP 해 HIP HIP 머리 어깨 무릎 HIP HIP HIP HIP HIP HIP HIP 해 HIP HIP 머리 어깨 무릎 HIP HIP HIP HIP HIP 해 HIP 코 묻은 티 삐져나온 입 떡진 머리 난 상관없지 코 묻은 티 삐져나온 입 떡진 머리 내가 하면 HIP 코 묻은 티 삐져나온 팬티 떡진 머리 난 상관없지 코 묻은 티 삐져나온 팬티 떡진 머리 내가 하면 HIP 삐삐삐 논란이 돼 my fashion 별로 신경 안 써 그저 action 자꾸 click me click me 홀린 듯이 zoom Close up close up close up HIP 해 HIP HIP 머리 어깨 무릎 HIP HIP HIP HIP HIP HIP HIP 해 HIP HIP 머리 어깨 무릎 HIP HIP HIP HIP HIP 해 HIP 
