﻿노래제목,가수,가사
고민중독,QWER," One! Two! Q! W! E! R! 어떤 인사가 괜찮을까 천 번쯤 상상해 봤어 근데 오늘도 천 번 하고 한 번 더 고민 중 막상 네 앞에 서니 꽁꽁 얼어버렸다 숨겨왔던 나의 맘 절반의 반도 주지를 못했어 아, 아, 아직은 준비가 안됐다구요 소용돌이쳐 어지럽다구 쏟아지는 맘을 멈출 수가 없을까? 너의 작은 인사 한마디에 요란해져서 네 맘의 비밀번호 눌러 열고 싶지만 너를 고민고민해도 좋은 걸 어쩌니 거울 앞에서 새벽까지 연습한 인사가 손을 들고 웃는 얼굴을 하고서 고개를 숙였다 아, 아, 아직도 준비가 안됐나 봐요 소용돌이쳐 어지럽다구 쏟아지는 맘을 멈출 수가 없을까? 너의 작은 인사 한마디에 요란해져서 네 맘의 비밀번호 눌러 열고 싶지만 너를 고민고민해도 좋은 걸 이러지도 저러지도 못하는데 속이 왈칵 뒤집히고 이쯤 왔으면 눈치 챙겨야지 날 봐달라구요! 좋아한다 너를 좋아한다 좋아해 너를 많이 많이 좋아한단 말이야 벅차오르다 못해 내 맘이 쿡쿡 아려와 두 번은 말 못 해 너 지금 잘 들어봐 매일 고민하고 연습했던 말 좋아해 "
한 페이지가 될 수 있게,DAY6 (데이식스), 솔직히 말할게 많이 기다려 왔어 너도 그랬을 거라 믿어 오늘이 오길 매일같이 달력을 보면서 솔직히 나에게도 지금 이 순간은 꿈만 같아 너와 함께라 오늘을 위해 꽤 많은 걸 준비해 봤어 All about you and I 다른 건 다 제쳐 두고 Now come with me Take my hand 아름다운 청춘의 한 장 함께 써내려 가자 너와의 추억들로 가득 채울래 Come on 아무 걱정도 하지는 마 나에게 다 맡겨 봐 지금 이 순간이 다시 넘겨볼 수 있는 한 페이지가 될 수 있게 This is our page Our page 솔직히 말할게 지금이 오기까지 마냥 순탄하진 않았지 오늘이 오길 나도 목 빠져라 기다렸어 솔직히 나보다도 네가 몇 배는 더 힘들었을 거라고 믿어 오늘을 위해 그저 견뎌줘서 고마워 All about you and I 다른 건 다 제쳐 두고 Now come with me Take my hand 아름다운 청춘의 한 장 함께 써내려 가자 너와의 추억들로 가득 채울래 Come on 아무 걱정도 하지는 마 나에게 다 맡겨 봐 지금 이 순간이 다시 넘겨볼 수 있는 한 페이지가 될 수 있게 Want you to Come on out and have fun Want us to Have the time of our life Oh 너와의 추억들로 가득 채울래 Come on 아무 걱정도 하지는 마 나에게 다 맡겨 봐 지금 이 순간이 다시 넘겨볼 수 있는 한 페이지가 될 수 있게 This is our page Our page 
예뻤어,DAY6 (데이식스), 지금 이 말이 우리가 다시 시작하자는 건 아냐 그저 너의 남아있던 기억들이 떠올랐을 뿐이야 정말 하루도 빠짐없이 너는 사랑한다 말해줬었지 잠들기 전에 또 눈 뜨자마자 말해주던 너 생각이 나 말해보는 거야 예뻤어 날 바라봐 주던 그 눈빛 날 불러주던 그 목소리 다 다 그 모든 게 내겐 예뻤어 더 바랄게 없는듯한 느낌 오직 너만이 주던 순간들 다 다 지났지만 넌 너무 예뻤어 너도 이제는 나와의 기억이 추억이 되었을 거야 너에게는 어떤 말을 해도 다 지나간 일일 거야 정말 한번도 빠짐없이 너는 나를 먼저 생각해줬어 아무 일 아니어도 미안해 고마워 해주던 너 생각이 나 말해보는 거야 예뻤어 날 바라봐 주던 그 눈빛 날 불러주던 그 목소리 다 다 그 모든 게 내겐 예뻤어 더 바랄게 없는듯한 느낌 오직 너만이 주던 순간들 다 다 지났지만 넌 너무 예뻤어 아직도 가끔 네 생각이 나 어렵게 전화를 걸어볼까 생각이 들 때도 많지만 Baby I know it's already over 아무리 원해도 너는 이제 이미 끝나버린 지난날의 한편의 영화였었단 걸 난 알아 마지막 날 바라봐 주던 그 눈빛 잘 지내라던 그 목소리 다 다 그마저도 내겐 예뻤어 내게 보여준 눈물까지 너와 가졌던 순간들은 다 다 지났지만 넌 너무 예뻤어 
에피소드,이무진, 나는 말야 버릇이 하나 있어 그건 매일 잠에 들 시간마다 잘 모아둔 기억 조각들 중 잡히는 걸 집은 후 혼자 조용히 꼬꼬무 이걸 난 궁상이란 이름으로 지었어 고민 고민하다가 아무튼 뭐 오늘은 하필이면 너가 스쳐버려서 우리였을 때로 우리 정말 좋았던 그때로 우리의 에피소드가 찬란하게 막을 연다 배경은 너의 집 앞 첫 데이트가 끝난 둘만의 에피소드가 참 예쁜 얘기로 시작 자작자작 조심스런 대화 그새 늦은 시간 굿바이 좋은 뜻일 뿐인 굿바이 With a happy smile 이게 이 스토리의 서막 눈 내리던 그 밤 겨울 향이 배어서 더 눈부신 우리의 에피소드다 매일이 마지막인 듯이 함께라면 어디든지 사랑이란 걸 끝도 없이 주고받고 나눴어 그치? 서로만 있음 마음이 시릴 날이 없던 우리 넌 오아시스 내겐 마치 근데 있잖아 별 소용없다? 생각만 해도 행복한 순간들은 말야 모른 척해도 결국엔 이건 끝을 봤던 에피소드 점점 점점 점점 우리의 에피소드가 결말에 가까워져가 곧 새드 엔딩이다 크레딧엔 너와 나 둘만의 에피소드가 참 쓸쓸한 끝을 맞아 두 주인공의 서글픈 마지막 결국 건넨 인사 굿바이 너무 아픈 이별의 굿바이 눈물이 뺨을 스쳐 도착한 입가엔 미소 애써 웃고 있어 우린 서로를 보며 첨 같던 미소로 안녕 웃으며 안녕 눈 뜨면 에필로그다 침대에 기대어 혼자 펑펑 울고 있는 나 이 궁상 밖의 난 둘만의 에피소드완 전혀 다른 모습 난 그날 돌아서지 말았어야 했다 널 안았어야 했다 그 밤 눈꽃이 널 덮은 그 밤의 향을 잊음과 함께 잃었던 따스함 춥게 눈을 뜬다 겨울밤이 되어서 맞이한 향이 우리의 에피소드다 
Welcome to the Show,DAY6 (데이식스), 이젠 혼자가 아닐 무대 너무나 감격스러워 끝없는 가능성 중에 날 골라줘서 고마워 나와 맞이하는 미래가 위태로울지도 몰라 하지만 눈물 가득한 감동이 있을지도 몰라 그래도 내 손 놓지 않겠다면 If so Then let's go Welcome to the show Oh 이것만큼은 맹세할게 내 전부를 다 바칠게 네 눈빛 흔들리지 않게 널 바라보며 서 있을게 알아 너의 결정이 쉽지 않았을 거야 후회 없게 하는 건 이제 나의 몫이야 끝까지 같이 함께 가겠다면 If so Then let's go Welcome to the show Oh 이것만큼은 맹세할게 내 전부를 다 바칠게 네 눈빛 흔들리지 않게 널 바라보며 서 있을게 막이 내릴 그날에도 그때도 네 손 꼭 잡은 채 너라서 행복했다고 서로가 말할 수 있도록 이것만큼은 맹세할게 내 전부를 다 바칠게 네 눈빛 흔들리지 않게 널 바라보며 서 있을게 Oh Oh 
주저하는 연인들을 위해,잔나비, 나는 읽기 쉬운 마음이야 당신도 스윽 훑고 가셔요 달랠 길 없는 외로운 마음 있지 머물다 가셔요 음 내게 긴 여운을 남겨줘요 사랑을 사랑을 해줘요 할 수 있다면 그럴 수만 있다면 새하얀 빛으로 그댈 비춰 줄게요 그러다 밤이 찾아오면 우리 둘만의 비밀을 새겨요 추억할 그 밤 위에 갈피를 꽂고선 남몰래 펼쳐보아요 나의 자라나는 마음을 못 본 채 꺾어 버릴 순 없네 미련 남길바엔 그리워 아픈 게 나아 서둘러 안겨본 그 품은 따스할 테니 그러다 밤이 찾아오면 우리 둘만의 비밀을 새겨요 추억할 그 밤 위에 갈피를 꽂고선 남몰래 펼쳐보아요 언젠가 또 그날이 온대도 우린 서둘러 뒤돌지 말아요 마주보던 그대로 뒷걸음치면서 서로의 안녕을 보아요 피고 지는 마음을 알아요 다시 돌아온 계절도 난 한 동안 새 활짝 피었다 질래 또 한번 영원히 그럼에도 내 사랑은 또 같은 꿈을 꾸고 그럼에도 꾸던 꿈을 난 또 미루진 않을거야 
사건의 지평선,윤하 (YOUNHA)," 생각이 많은 건 말이야 당연히 해야 할 일이야 나에겐 우리가 지금 1순위야 안전한 유리병을 핑계로 바람을 가둬 둔 것 같지만 기억나? 그날의 우리가 잡았던 그 손엔 말이야 설레임보다 커다란 믿음이 담겨서 난 함박웃음을 지었지만 울음이 날 것도 같았어 소중한 건 언제나 두려움이니까 문을 열면 들리던 목소리 너로 인해 변해있던 따뜻한 공기 여전히 자신 없지만 안녕히 저기, 사라진 별의 자리 아스라이 하얀 빛 한동안은 꺼내 볼 수 있을 거야 아낌없이 반짝인 시간은 조금씩 옅어져 가더라도 너와 내 맘에 살아 숨 쉴 테니 여긴, 서로의 끝이 아닌 새로운 길 모퉁이 익숙함에 진심을 속이지 말자 하나 둘 추억이 떠오르면 많이 많이 그리워할 거야 고마웠어요 그래도 이제는 사건의 지평선 너머로 솔직히 두렵기도 하지만 노력은 우리에게 정답이 아니라서 마지막 선물은 산뜻한 안녕 저기, 사라진 별의 자리 아스라이 하얀 빛 한동안은 꺼내 볼 수 있을 거야 아낌없이 반짝인 시간은 조금씩 옅어져 가더라도 너와 내 맘에 살아 숨 쉴 테니 여긴, 서로의 끝이 아닌 새로운 길 모퉁이 익숙함에 진심을 속이지 말자 하나 둘 추억이 떠오르면 많이 많이 그리워할 거야 고마웠어요 그래도 이제는 사건의 지평선 너머로 저기, 사라진 별의 자리 아스라이 하얀 빛 한동안은 꺼내 볼 수 있을 거야 아낌없이 반짝인 시간은 조금씩 옅어져 가더라도 너와 내 맘에 살아 숨 쉴 테니 여긴, 서로의 끝이 아닌 새로운 길 모퉁이 익숙함에 진심을 속이지 말자 하나 둘 추억이 떠오르면 많이 많이 그리워할 거야 고마웠어요 그래도 이제는 사건의 지평선 너머로 사건의 지평선 너머로 "
Run Run,이클립스 (ECLIPSE)," 태양을 향해 더 힘껏 날아 쓰러진 꿈들을 세워가 놓지 않을 Chance 높은 벽은 Break it 심장 소릴 따라가 Bye bye 눈물의 지난날은 Hi 기다려온 순간 Right now 고민 따윈 Zero 지금 바로 Runnin again, running again Whoa-a 떨리는 전율을 느껴 We ride 멈출 수 없는 이 Feeling 우린 다시 힘차게 달려가 I'm ready to Run run 내 옆에 너를 안고 Run run 넘어져도 Start again 끝없이 펼쳐진 하늘 위로 Fly forever 이대로 달려갈게 I Run 거친 바람 가르고 난 다시 높이 날아올라 피어난 My dreams 희망을 향해 뛰어 자유롭게 So I'm running 밤이 캄캄해도 두려움은 No more 망설이지 마 We just go 서툴렀던 너를 바꿔 참아왔던 열정을 불태워 Burn it up 뜨겁게 타올라 Bye bye 눈물의 지난날은 Hi 기다려온 순간 Right now 고민 따윈 Zero 지금 바로 Runnin and runnin and runnin again Whoa-a 떨리는 전율을 느껴 We ride 멈출 수 없는 이 Feeling 우린 다시 힘차게 달려가 I'm ready to Run run 내 옆에 너를 안고 Run run 넘어져도 Start again 끝없이 펼쳐진 하늘 위로 Fly forever 이대로 달려갈게 I Run 거친 바람 가르고 난 다시 높이 날아올라 피어난 My dreams 희망을 향해 뛰어 자유롭게 So I'm running (Oh oh oh oh) 첨부터 다시 해봐 너를 믿고서 Try again (Oh oh oh oh) 새롭게 펼쳐질 하루를 Run again I'm ready to Run run 내 옆에 너를 안고 Run run 넘어져도 Start again 끝없이 펼쳐진 하늘 위로 Fly forever 이대로 달려갈게 I Run 거친 바람 가르고 난 다시 높이 날아올라 피어난 My dreams 희망을 향해 뛰어 자유롭게 So I'm running "
심(心),DK(디셈버), 한땐 너를 사랑했지만 네 곁에 있는 사랑이 너무 아름다워 보기 좋았었기에 잘 되길 바래왔는데 많은 축복에 둘러싸인 행복한 그 사람 곁에 이젠 네가 아닌 다른 그의 사랑이 또다시 날 아프게 해 미안해 너를 위해 기대어줄 가슴 밖에 빌려줄 수 없는 나인걸 슬퍼하는 너를 위해서 해줄게 남아 있다면 무엇이든 다 얘길 해주길 바래 나 기다리고 있을게 야윈 그대 안에 눈물이 마르는 그날이 오면 웃으며 다시 그댈 보내줄게요 사랑하니까 슬퍼하는 너를 위해서 해줄게 남아 있다면 무엇이든 다 얘길 해주길 바래 나 기다리고 있을게 야윈 그대 안에 눈물이 마르는 그날이 오면 웃으며 다시 그댈 보내줄게요 사랑하니까 
청춘찬가,세븐틴 (SEVENTEEN), 어쩌다 보니 처음으로 마주하는 오늘이라서 사무치게 아픈 말 한마디에 내가 더 싫어도 신경 쓰지 말자 우리 목소리로 어디서라도 부르자 청춘찬가 1 2 1 2 3 4! 벨 소리가 울릴 때 겁이 나 심장이 먼저 놀라는 요즘 혼자 지내고 싶고 혼자 있기 싫고 나도 날 모르겠어 도대체 나의 행복은 어디 있나요 그 누구도 대답해 줄 수 없어 꺼진 폰 화면 속에 비친 내 모습 보며 말할래 오늘 집에 가는 길에 내게 수고했다고 마냥 쉽지 않았지만 나쁘지 않았다고 숨 막히는 세상 속에 작은 것 하나에 잠깐 웃었다고 어쩌다 보니 처음으로 마주하는 오늘이라서 사무치게 아픈 말 한마디에 내가 더 싫어도 신경 쓰지 말자 우리 목소리로 어디서라도 부르자 청춘찬가 나의 나의 나의 나의 나의 나의 날 감싸준 포근한 이불 이 사소한 따뜻함에 또 내일을 기다리면서 잠들게 내일 아침에 울리는 시끄러운 알람이 어제보단 조금만이라도 밉지 않기를 숨 막히는 세상 속에 이 모든 게 나라서 참 좋을 거야 어쩌다 보니 처음으로 마주하는 내일이라도 사무치게 아픈 말 한마디에 내가 더 싫어도 신경 쓰지 말자 우리 목소리로 어디서라도 부르자 청춘찬가 
WAY 4 LUV,PLAVE," Way 4 Luv Way 4 your Luv Way 4 Luv Way 4 your Luv 거짓말이라도 믿을게 영화 같은 스토리의 끝에 It’s like a movie 우린 참 어렸었지 저 별들을 닮기엔 모든 게 서툴렀지 Oh yeah 뜨거웠던 숨은 꿈이 되어 내 심장에 불을 지폈어 날 멈출 수 없도록 더욱 떨어져가는 폭포 처럼 내 몸을 던졌어 그 속에 피어난 Flo(wer) 어느새 노을이 지고 있어 그곳으로 Moonlight 끝이 없는 Midnight Sunshine 반복되는 Highlight Woo woo woo woo woo woo woo (Woo woo woo woo woo woo woo) Woo woo woo woo woo woo woo (Woo woo woo woo woo woo woo) Way 4 Luv Way 4 your Luv Way 4 Luv Way 4 your Luv 거짓말이라도 믿을게 영화 같은 스토리의 끝에 Way 4 Luv uh Way 4 your Luv 사계절이 되어줘 My Venus 거짓말이라도 믿을래 황홀한 이 여정의 끝에 쏟아지는 유성 아래 형 형색의 Rainbow 지나치게 아름다워 A to T, I’m driving now There’s no rush hour Let’s go Eiffel Tower Imagine we smile at the same time Moonlight 끝이 없는 Midnight Sunshine 반복되는 Highlight Woo woo woo woo woo woo woo (Woo woo woo woo woo woo woo) Woo woo woo woo woo woo woo (Woo woo woo woo woo woo woo) Way 4 Luv Way 4 your Luv Way 4 Luv Way 4 your Luv 거짓말이라도 믿을게 영화 같은 스토리의 끝에 같은 시선 속에 맞닿은 우리야 너와 날 닮은 이 순간 끝나지 않을 여행이라 It’s a beautiful life Way 4 Luv oh Way 4 Luv 거짓말이라도 믿을게 영화 같은 스토리의 끝에 Way 4 Luv uh Way 4 your Luv 사계절이 되어줘 My Venus 거짓말이라도 믿을래 황홀한 이 여정의 끝에 Woo woo woo woo woo woo Woo woo woo woo woo woo woo Woo woo woo woo "
무지개,임영웅, 오늘 하루 어땠었나요 많이 힘들었나요 쉬지 않고 달려왔던 길에서 나와 함께 쉬어가요 그냥 아무런 준비도 없이 떠나볼까요 평범해도 좋으니까 우리 함께 가요 Du Du Du Du Du 행복 가득 담은 배낭 하나 메고서 답답했던 일상과 도심을 벗어나 Du Du Du Du Du Du Du Du 떠나볼래요 힘껏 살다 보니 무뎌져 헝클어진 머리도 괜찮다며 그댈 안아줄 사람 바로 그대 곁에 있죠 까만 선글라스 하나 챙겨서 떠나볼까요 평범해도 좋으니까 우리 함께 가요 Du Du Du Du Du 행복 가득 담은 배낭 하나 메고서 답답했던 일상과 도심을 벗어나 Du Du Du Du Du Du Du Du 떠나볼래요 우리 함께 가요 Du Du Du Du Du 행복 가득 담은 배낭 하나 메고서 답답했던 일상과 도심을 벗어나 Du Du Du Du Du Du Du Du 떠나볼래요 우리 함께 가요 Du Du Du Du Du Du Du Du Du Du Du Du Du 떠나볼래요 Du Du Du Du Du Du Du Du 떠나볼래요 Du Du Du Du Du Du Du Du 지금 떠나요 
London Boy,임영웅," 꿈에 그리던 그곳 난 여기 있어 저 푸른 바다 위로 널 닮은 하늘 I’m in London oh, I’m in London, yeah 드넓은 공원 안에 널 담은 향기 가는 모든 곳마다 난 네가 보여 I’m in London, yeah, I’m in London, oh 나지막한 소리가 들려와 수많은 별들 사이 너에게 Baby baby baby my baby 세상 누구보다 널 사랑해 모든 힘 다해 너를 불러 Hold me tight baby, you’re my everything 널 만나고 난 변했어 세상 누구보다 널 사랑해 모든 힘 다해 너를 불러 I’m London, London Boy Oh oh no no no London Boy yeah 셰익스피어, 처칠, 비틀즈, 숀 코네리 해리포터, 데이비드 베컴 모든 게 있어 Baby You are my London Girl 행복은 너와 함께 즐기는 거야 내 모든 걸 다 줘도 아깝지 않아 너는 내게, Oh 그런 사람, Oh 나지막한 소리가 들려와 수많은 별들 사이 너에게 Baby baby baby my baby 세상 누구보다 널 사랑해 모든 힘 다해 너를 불러 Hold me tight baby, you’re my everything 널 만나고 난 변했어 세상 누구보다 널 사랑해 모든 힘 다해 너를 불러 I’m London, London Boy 널 만나고 내가 변했다 Oh, I’m London Boy Baby baby baby my baby 세상 누구보다 널 사랑해 모든 힘 다해 너를 불러 Hold me tight baby, you’re my everything 널 만나고 난 변했어 세상 누구보다 널 사랑해 모든 힘 다해 너를 불러 I’m London, London Boy La la la la la la la la La la la la la la la la La la la la la la la la I’m London, London Boy La la la la la la la la La la la la la la la la La la la la la la la la London Boy London Boy London Boy "
Polaroid,임영웅," 별들이 짙던 밤 하늘에 약속한 고백 아직도 맘에 당연하듯 남아 있어요 어제 일같이 선명하네요 가슴 저리는 게 사랑이 아니라 그 누가 뭐라던가, 오 심장이 뛰는데 아프게 뛰는데 이게 사랑인 거야 운명 같은 밤 너를 만나 영원하자고 외쳤던 그 밤 네가 날 잊어도 난 널 꺼내 볼 테니까 언제나 내 맘속 사진첩 한 켠엔 그대가 있지 참 행복했지 때론 아픈 날이 있어도 버릴 수 없는 추억이 됐지 가슴 저리는 게 사랑이 아니라 그 누가 뭐라던가, 오 심장이 뛰는데 아프게 뛰는데 이게 사랑인 거야 운명 같은 밤 너를 만나 영원하자고 외쳤던 그 밤 네가 날 잊어도 난 널 꺼내 볼 테니까 언제나 우~ 예~ 우~ 네가 날 잊어도 난 널 꺼내 볼 테니까 언제나 한 장씩 널 기억하며 보낼게 우리 모든 순간 가슴 떨리던 날 모든 날이 따스하게 감싸준 널 사랑했다 운명 같은 밤 너를 만나 셀 수 없이 많은 날 함께 했지 사랑했어요 아주 많이 사진첩 속의 그대여 영원히 기억할게 시간이 지나도 언제나 "
Blue Moon,엔플라잉 (N.Flying), 푸르른 달에 맘을 도둑맞듯 세상에 너와 나 단둘만 같았어 이 순간이 잠시라면 영원히 멈춰 버리자 지겨워져도 괜찮아 들어 줘 나의 Blue Moon Oh my Blue Moon 희미한 말들로 너에게 닿을 수만 있다면 시시한 일상 밖에 날 밀어둔 채로 신비한 꿈처럼 너만을 바라보아서 하루 종일 너에게 전하고 싶은 맘 괜시리 기대하죠 이 문 뒤에선 왠지 숨죽이며 날 기다리겠죠 푸르른 날의 눈부신 밤 향기에 빠져서 아리따운 너의 맘과 영원을 보고 싶어 이 풍경 속에 홀리듯 내 몸이 잠겨 버리게 푸르른 달아 텅 빈 그대 맘을 가득 채워 줘 Oh my Blue Moon 우리가 얼마나 많은 길을 걸어왔냔 말이야 내 청춘은 너였고 믿기 힘든 말은 말아 Shape of my heart 우린 모양이 참 알맞아 자꾸 두려워지기에 예쁜 척 포장을 하네 이해 못 해 이별도 우리를 못 피해 짜증 섞지 말자 이제 말해 그냥 행복해 No more than 며칠 미친 듯이 그리워질 Someday 아직도 기다리니 내가 있던 그 자리를 괜시리 기대하죠 이 문 뒤에 숨어서 숨죽이며 날 기다리겠죠 푸르른 날의 눈부신 밤 향기에 빠져서 아리따운 너의 맘과 영원을 보고 싶어 이 풍경 속에 홀리듯 내 몸이 잠겨 버리게 푸르른 달아 텅 빈 그대 맘을 가득 채워 줘 Oh my Blue Moon You know why For a long time 널 정말 많이 사랑한 그게 나의 영원일 거야 한순간 꿈처럼 저 달빛이 사라져도 내 마음속에 남는걸 푸르른 날의 눈부신 밤 향기에 빠져서 아리따운 너의 맘과 영원을 보고 싶어 이 풍경 속에 홀리듯 내 몸이 잠겨 버리게 푸르른 달아 텅 빈 그대 맘을 가득 채워 줘 Oh my Blue Moon 
혹시 세상에 혼자 남겨진 것 같다면,우디 (Woody), 혹시 세상에 너 혼자 남겨진 것 같다면 아름답게 핀 저 꽃이 아름답지 않다면 거울 속에 비친 모습에 어느 미소도 없다면 나를 찾아 줄래 나의 손을 잡고 우리 같이 길을 걷자 비바람이 몰아쳐도 결국 멈출 테니까 잠시 눈을 감고 어둠 속 빛나는 결말 끝에는 네가 있다는 걸 잊지 말아 줘 맑은 하늘이 네 기분을 망쳐버린다면 하루 종일 어지러움에 헤메이다 매일 똑같은 하루 지겨울지 모르지만 내일은 좀 다를지 몰라 나의 손을 잡고 우리 같이 길을 걷자 비바람이 몰아쳐도 결국 멈출 테니까 잠시 눈을 감고 어둠 속 빛나는 결말 끝에는 네가 있다는 걸 잊지 말아 줘 나 역시 너와 같다는 걸 아픔이 없는 길은 없지 그럼에도 혼자가 아닌 걸 절대 잊지마요 나의 손을 잡고 우리 같이 길을 걷자 비바람이 몰아쳐도 결국 멈출 테니까 잠시 눈을 감고 어둠 속 빛나는 결말 끝에는 네가 있다는 걸 잊지 말아 줘 혹시 세상에 너 혼자 남겨진 것 같다면 
Discord,QWER, 딱 하나만 물어볼게 넌 완벽이란 게 있다고 생각해? 조금은 어색한 하모니라 해도 그것도 그것대로 꽤 멋지잖아 누군간 나를 보고 수근대겠지만 그런 무례함은 도로 넣어둬요 취향은 존중해 그치만 이런 날 밀어내긴 쉽지 않을걸 무대 위 춤을 추는 d선 상의 아리아 불협화음도 괜찮아 뭐 문제가 되려나 모두 내게 반해버려도 난 몰라요 무지개 멜로디는 저 하늘을 날아 이것도 나야 나야 나 이런 내가 궁금하니 뭘 해도 나야 나야 나 들어줘 나의 Discord 주사위는 던져졌고 이젠 눈앞에 온 거야 my turn 조금 뻔뻔해도 눈감아줄래요 작은 소동을 부리는 game changer 모두가 나를 사랑할 순 없겠지만 그렇대도 난 실망 따윈 안 해요 겸손은 어려워 그치만 이런 날 미워하긴 쉽지 않을걸 무대 위 춤을 추는 d선 상의 아리아 불협화음도 괜찮아 뭐 문제가 되려나 모두 내게 반해버려도 난 몰라요 무지개 멜로디는 저 하늘을 사실 조금은 떨렸다랄까 두근두근대 지금 난 자꾸 자꾸 듣고 싶어 내가 너의 최애라고 말해 무대 위 춤을 추는 d선 상의 아리아 불협화음도 괜찮아 뭐 문제가 되려나 모두 내게 반해버려도 난 몰라요 무지개 멜로디는 저 하늘을 날아 이것도 나야 나야 나 이런 내가 궁금하니 뭘 해도 나야 나야 나 들어줘 나의 Discord 
Watch Me Woo!,PLAVE," I got stuck in roulette 돌아가는 문제 속 헤매고 있어 We wanna touch the moon 도달할 수 없다는 건 참 어리석었지 Watch Me Woo! Watch Me Woo! You know I know Ah Watch Me Woo! Watch Me Woo! You know I know Ah 세상은 다 거짓말 가면에 숨긴 Red eyes All I can say is, Freedom Vida Preciosa Livin’ La Vida Loca 의미 없단 건 결국 없다고 Yeah 너도 알고 있잖아 그 속 안에 진실과 마주치는 순간 You'll be alright Watch Me Woo! Watch Me Woo! You know I know Ah Watch Me Woo! Watch Me Woo! You know I know Ah Gold's getting bigger Gold on my neck Shining 24/7, They call me mad Gold's getting bigger Gold on my neck Shining 24/7, They call me mad 1 hunnit, 白이던 100이건 상관없이 I get it all 원하면 다 이뤄나가 Why so serious? God damn, 시간은 금 흘린 땀방울 뒤엔 우린 고급 지게 놀아 Play, 부 Watch Me Woo! Watch Me Woo! You know I know Ah Watch Me Woo! Watch Me Woo! You know I know Ah "
Star,엔플라잉 (N.Flying)," 달려가고 있어 너에게 모두 고요하게 잠든 세상의 끝에 서서 쏟아지는 빛을 향해 한 걸음 한 걸음 오래 기다려 왔던 Starry, starry night 전해줄래 지금 너에게 멀리 포근하게 잠든 구름의 길을 따라 반짝이는 별을 닮은 너에게 전할게 있잖아 You’re my only one star yeah 너는 아름다운 기억 누군가의 서툰 첫사랑 잊지마 너는 그렇게 찬란히 빛나 때로 숨고 싶어지면 우릴 감싸주는 저 밤 하늘처럼 언제나 함께 할 거야 You’re like a shooting star 보여줄게 지금 이 순간 조금 희미했던 우리 기억의 강을 건너 선명해진 밤을 지나 너에게 닿을 때 눈을 떠 You’re my only one star, yeah 너는 아름다운 기억 누군가의 서툰 첫사랑 잊지마 너는 그렇게 찬란히 빛나 때로 숨고 싶어지면 우릴 감싸주는 저 밤 하늘처럼 언제나 함께 할 거야 You’re like a shooting star 지쳐 울고 싶어질 땐 눈 앞에 펼쳐진 저 밤 하늘을 봐 영원히 함께 할 거야 넌 그대로 그렇게 있어주면 돼 You’re like a shooting star "
여행,볼빨간사춘기, 저 오늘 떠나요 공항으로 핸드폰 꺼 놔요 제발 날 찾진 말아줘 시끄럽게 소리를 질러도 어쩔 수 없어 나 가볍게 손을 흔들며 bye bye 쉬지 않고 빛났던 꿈같은 my youth 이리저리 치이고 또 망가질 때쯤 지쳤어 나 미쳤어 나 떠날 거야 다 비켜 I fly away Take me to London Paris New York city들 아름다운 이 도시에 빠져서 나 Like I'm a bird bird 날아다니는 새처럼 난 자유롭게 fly fly 나 숨을 셔 Take me to new world anywhere 어디든 답답한 이 곳을 벗어 나기만 하면 Shining light light 빛나는 my youth 자유롭게 fly fly 나 숨을 셔 저 이제 쉬어요 떠날 거예요 노트북 꺼 놔요 제발 날 잡진 말아줘 시끄럽게 소리를 질러도 어쩔 수 없어 나 가볍게 손을 흔들며 see ya 쉬지 않고 빛났던 꿈같은 my youth 이리 저리 치이고 또 망가질 때쯤 지쳤어 나 미쳤어 나 떠날 거야 다 비켜 I fly away Take me to London Paris New York city들 아름다운 이 도시에 빠져서 나 Like I'm a bird bird 날아 다니는 새처럼 난 자유롭게 fly fly 나 숨을 셔 Take me to new world anywhere 어디든 답답한 이 곳을 벗어 나기만 하면 Shining light light 빛나는 my youth 자유롭게 fly fly 나 숨을 셔 I can fly away Fly always always always Take me to new world anywhere 어디든 답답한 이 곳을 벗어 나기만 하면 Shining light light 빛나는 my youth 자유롭게 fly fly 나 숨을 셔 
Shopper,아이유," 아직도 난 더 가지고 싶어 (Yeah I want more I’ll get it more, more) 설레는 게 이렇게나 많은 걸 (Oh I want all I must have all, all) 저녁 일곱시 노을의 팔레트 (I need it, course I’ll take it, course, course) 가슴 터질 듯 내 이름을 외치는 목소리 (Oh it’s so worth It’s more than what, what) 빼곡히 적은 wish list 빠짐없이 가질 때까지 (Take what you want No matter who calls you a freak) 설명할 필요 없어 나 그때와는 다른 걸 원해, 원해 Let’s go haul 더 미어터질 만큼 다 채워 Look around 시간은 짧아 더 빨리 가져 (Shop all day, ay Greed is free, ay) Go Make your own 가지러 태어난 것처럼 이 샵은 문 닫지 않아 늘, 영원히 마지막 소절 숨의 첫 모금 (It's time to show Go, make it sure, sure) 승리를 앞둔 마음이 달릴 때 내는 소리 (It's time to go I'll make my goal, goal) 내게는 없어 plan B 모조리 내 것이 될 때까지 (Take what you want No matter who puts down your greed) 적당히로는 안돼 난 훨씬 더 대담한 걸 원해, 원해 Let’s go haul 더 미어터질 만큼 다 채워 Look around 시간은 짧아 더 빨리 가져 이 샵은 문 닫지 않아, 봐 필요 없는 건 없어 for my Victory, even your jealousy 나 이제껏 모르던 세상을 욕심 내볼래 Let’s go haul 더 미어터질 만큼 다 채워 Look around 시간은 짧아 더 빨리 가져 Shop all day, ay Greed is free, ay Go Make your own 가지러 태어난 것처럼 이 샵은 문 닫지 않아 늘, 영원히 "
TOMBOY,혁오 (HYUKOH), 난 엄마가 늘 베푼 사랑에 어색해 그래서 그런 건가 늘 어렵다니까 잃기 두려웠던 욕심 속에도 작은 예쁨이 있지 난 지금 행복해 그래서 불안해 폭풍 전 바다는 늘 고요하니까 불이 붙어 빨리 타면 안 되잖아 나는 사랑을 응원해 젊은 우리 나이테는 잘 보이지 않고 찬란한 빛에 눈이 멀어 꺼져가는데 아아아아아 아아아아아 아아아아아아아 아아아아아 아아아아아 아아아아아아아아아 슬픈 어른은 늘 뒷걸음만 치고 미운 스물을 넘긴 넌 지루해 보여 불이 붙어 빨리 타면 안 되니까 우리 사랑을 응원해 젊은 우리 나이테는 잘 보이지 않고 찬란한 빛에 눈이 멀어 꺼져가는데 그래 그때 나는 잘 몰랐었어 우린 다른 점만 닮았고 철이 들어 먼저 떨어져 버린 너와 이젠 나도 닮았네 젊은 우리 나이테는 잘 보이지 않고 찬란한 빛에 눈이 멀어 꺼져가는데 아아아아아 아아아아아 아아아아아아아 아아아아아 아아아아아 아아아아아아아아아 
You & I,이클립스 (ECLIPSE), 내게 들려와 어디라도 난 느낄 수 있어 수많은 밤과 어둠에도 네가 있어 괜찮아 지쳐 힘에 겨워도 너에게 닿을 걸 알아 나의 기적이 되어준 너 내게 말해줘 너를 사랑해 언제나 네 곁에 있을게 모든 시간 모든 날 너와 함께 just you and i oh you and i you and i just you and i you and i oh you and i you and i just you and i 기억해 나는 그때를 운명처럼 내게로 와 나의 꿈이 무섭지 않게 해준 너였어 거친 바람이 불어도 이 손 놓지 않아 나의 기적이 되어준 너 내게 말해줘 너를 사랑해 언제나 네 곁에 있을게 모든 시간 모든 날 너와 함께 just you and i oh you and i you and i just you and i you and i oh you and i you and i just you and i 내게 말해줘 너를 사랑해 언제나 네 곁에 있을게 모든 시간 모든 날 너와 함께 just you and i 
옥탑방 (Rooftop),엔플라잉 (N.Flying), 너는 별을 보자며 내 몸을 당겨서 단 한 번에 달빛을 내 눈에 담았어 Every time I look up in the sky 근데 단 한 개도 없는 Star 혼자 두지 않을게 저 달이 외롭지 않게 해 줘 너는 별을 보자며 내 손을 끌어서 저녁노을이 진 옥상에 걸터앉아 Every time I look up in the sky 근데 단 한 개도 없는 Star 괜찮아 네가 내 우주고 밝게 빛나 줘 이런 가사 한 마디가 널 위로한다면 나 펜을 잡을게 자극적인 것보다 진심만으로 말할 수 있어 All day 고양이보다 넌 강아지같이 날 기다렸지 하루 종일 뭐가 그리 슬펐지 이 별에서 네가 가장 특별해 너는 그런 거 전혀 몰랐지 You want some more 왜 자꾸만 널 가두려 하는 건지 You want some more Sky is nothing to believe 너는 별을 보자며 내 손을 끌어서 저녁노을이 진 옥상에 걸터앉아 Every time I look up in the sky 근데 단 한 개도 없는 Star 괜찮아 네가 내 우주고 밝게 빛나 줘 있잖아 난 네가 아주 가끔씩 무겁게 할 때마다 움칫 널 위로할 손이 난 없네 지금 난 갈 길을 잃은 별 날 당기는 힘은 너 넌 별을 잃은 하늘처럼 떠돌고 다녀 우리가 지난 길이 별자리처럼 나와 너 그 길을 따라서 날 기억해줘 You want some more 왜 자꾸만 널 가두려 하는 건지 You want some more Sky is nothing to believe 너는 별을 보자며 내 손을 끌어서 저녁노을이 진 옥상에 걸터앉아 Every time I look up in the sky 근데 단 한 개도 없는 Star 괜찮아 네가 내 우주고 밝게 빛나 줘 Girl I don’t know why I’m leaving Girl I don’t know why 처음부터 다시 알려 줘 Girl I don’t know why I’m leaving Girl I don’t know why 너는 별을 보자며 내 손을 끌어서 저녁노을이 진 옥상에 걸터앉아 Every time I look up in the sky 근데 단 한 개도 없는 Star 괜찮아 네가 내 우주고 밝게 빛나 줘 꼭 닮은 너를 찾아 나섰지 너를 당겨 보려 해도 Every time I look up in the sky 근데 단 한 개도 없는 Star 괜찮아 네가 내 우주고 밝게 빛나 줘 
신호등,이무진, 이제야 목적지를 정했지만 가려한 날 막아서네 난 갈 길이 먼데 새빨간 얼굴로 화를 냈던 친구가 생각나네 이미 난 발걸음을 떼었지만 가려한 날 재촉하네 걷기도 힘든데 새파랗게 겁에 질려 도망간 친구가 뇌에 맴도네 건반처럼 생긴 도로 위 수많은 동그라미들 모두가 멈췄다 굴렀다 말은 잘 들어 그건 나도 문제가 아냐 붉은색 푸른색 그 사이 3초 그 짧은 시간 노란색 빛을 내는 저기 저 신호등이 내 머릿속을 텅 비워버려 내가 빠른지도 느린지도 모르겠어 그저 눈앞이 샛노랄 뿐이야 솔직히 말하자면 차라리 운전대를 못 잡던 어릴 때가 더 좋았었던 것 같아 그땐 함께 온 세상을 거닐 친구가 있었으니 건반처럼 생긴 도로 위 수많은 조명들이 날 빠르게 번갈아 가며 비추고 있지만 난 아직 초짜란 말이야 붉은색 푸른색 그 사이 3초 그 짧은 시간 노란색 빛을 내는 저기 저 신호등이 내 머릿속을 텅 비워버려 내가 빠른지도 느린지도 모르겠어 그저 눈앞이 샛노랄 뿐이야 꼬질꼬질한 사람이나 부자 곁엔 아무도 없는 삼색 조명과 이색 칠 위에 서 있어 괴롭히지 마 붉은색 푸른색 그 사이 3초 그 짧은 시간 노란색 빛을 내는 저기 저 신호등이 내 머릿속을 텅 비워버려 내가 빠른지도 느린지도 모르겠어 그저 눈앞이 샛노랄 뿐이야 
Blueming,아이유," ‘뭐해?‘라는 두 글자에 ‘네가 보고 싶어’ 나의 속마음을 담아 우 이모티콘 하나하나 속에 달라지는 내 미묘한 심리를 알까 우 아니 바쁘지 않아 nothing no no 잠들어 있지 않아 insomnia nia nia 지금 다른 사람과 함께이지 않아 응, 나도 너를 생각 중 우리의 네모 칸은 bloom 엄지손가락으로 장미꽃을 피워 향기에 취할 것 같아 우 오직 둘만의 비밀의 정원 I feel bloom I feel bloom I feel bloom 너에게 한 송이를 더 보내 밤샘 작업으로 업데이트 흥미로운 이 작품의 지은이 that’s me 우 어쩜 이 관계의 클라이맥스 2막으로 넘어가기엔 지금이 good timing 우 같은 맘인 걸 알아 realize la lize 말을 고르지 말아 just reply la la ly 조금 장난스러운 나의 은유에 네 해석이 궁금해 우리의 색은 gray and blue 엄지손가락으로 말풍선을 띄워 금세 터질 것 같아 우 호흡이 가빠져 어지러워 I feel blue. I feel blue. I feel blue. 너에게 가득히 채워 띄어쓰기없이보낼게사랑인것같애 백만송이장미꽃을, 나랑피워볼래? 꽃잎의 색은 우리 마음 가는 대로 칠해 시들 때도 예쁘게 우리의 네모 칸은 bloom 엄지손가락으로 장미꽃을 피워 향기에 취할 것 같아 우 오직 둘만의 비밀의 정원 I feel bloom I feel bloom I feel bloom 너에게 한 송이를 더 보내 "
I'll Be There,이클립스 (ECLIPSE), I'm so lonely I'm so lonely 그대 날 떠나간 그날 이후로 수많은 밤과 슬픈 아픔에도 너를 잊지 못해 나는 혼자인 걸 그리워도 못 잊어도 두 번 다시는 볼 수 없겠죠 다 아는데도 그리 쉽지 않아 너를 잊지 못해 나는 혼자인걸 I'll be there 나에겐 그대 하나뿐이야 항상 너만 꿈꾸며 살아가는 나에게로 What a feeling I feel love 너도 알고 있잖아 많은 날이 지나도 I'll be there and I'll be there and wait for you I'll be there 나에겐 그대 하나뿐이야 항상 너만 꿈꾸며 살아가는 나에게로 What a feeling I feel love 너도 알고 있잖아 많은 날이 지나도 I'll be there and I'll be there and wait for you 
TOMBOY,(여자)아이들," Look at you 넌 못 감당해 날 Ya took off hook 기분은 Coke like brrr Look at my toe 나의 Ex 이름 Tattoo I got to drink up now 네가 싫다 해도 좋아 Why are you cranky, boy? 뭘 그리 찡그려 너 Do you want a blond barbie doll? It’s not here, I’m not a doll 미친 연이라 말해 What’s the loss to me ya 사정없이 까보라고 You’ll lose to me ya 사랑 그깟 거 따위 내 몸에 상처 하나도 어림없지 너의 썩은 내 나는 향수나 뿌릴 바엔 Ye I’m a Tomboy (Umm ah umm) Ye I’ll be the Tomboy (Umm ah) This is my attitude Ye I’ll be the Tomboy I don’t wanna play this ping pong I would rather film a Tik Tok Your mom raised you as a prince But this is queendom, right? I like dancing, I love ma friends Sometimes we swear without cigarettes I like to eh on drinking whiskey I won’t change it, what the hell? 미친 척이라 말해 What’s the loss to me ya 사정없이 씹으라고 You’re lost to me ya 사랑 그깟 거 따위 내 눈에 눈물 한 방울 어림없지 너의 하찮은 말에 미소나 지을 바엔 Ye I’m a Tomboy (Umm ah umm) Ye I’ll be the Tomboy (Umm ah) This is my attitude Ye I’ll be the Tomboy Said you get it? You get the song right, you’ll get what I mean “Tomboy” La la la la la la la la la La la la la la la la la la La la la la la la la la la La la la la la la la la la Three, two, one It’s neither man nor woman Man nor woman It’s neither man nor woman Just me I-DLE It’s neither man nor woman Man nor woman It’s neither man nor woman Just me loving Tomboy "
Love me or Leave me,DAY6 (데이식스), 모든 건 너에게 달렸어 난 지켜볼 수 밖에 없어 끝이 날 건지 아닌지는 너의 말 한마디로 결정돼 여태 받던 싸늘한 느낌 그저 착각일지도 여기서 알아야 갈 수 있어 Do you even love me now 숨을 죽이고 너의 대답을 기다릴게 턴을 너에게 넘긴 채로 만약 아니라 하더라도 말해 줘 Baby love me or leave me tonight So 대답해 줘 숨김 없이 솔직하게 어서 대답해 줘 Baby love me or leave me tonight So tell me now 꽤나 오랫동안 견뎠어 너의 차가운 눈빛과 말투 끝을 낼 건지 아닌지는 이제 너에게 전부 달렸어 이미 멀어진 우리 사이 그저 오해일지도 여기서 알아야 갈 수 있어 Do you even love me now 숨을 죽이고 너의 대답을 기다릴게 턴을 너에게 넘긴 채로 만약 아니라 하더라도 말해 줘 Baby love me or leave me tonight So 대답해 줘 숨김 없이 솔직하게 어서 대답해 줘 Baby love me or leave me tonight 알아 이미 너의 대답은 No 나도 알아 이미 안다고 알아도 아직까진 I cannot give up on you 너의 목소리로 듣기 전까지는 Can't give up on you 숨을 죽이고 너의 대답을 기다릴게 턴을 너에게 넘긴 채로 만약 아니라 하더라도 말해 줘 Baby love me or leave me tonight So 대답해 줘 숨김 없이 솔직하게 어서 대답해 줘 Baby love me or leave me tonight So tell me now 
반딧불 (Little Light),도영 (DOYOUNG)," 있잖아, 나를 비추는 환한 불빛은 왜 이리 나를 지워낼까? 바람에 흔들리는 내 등불이 너머에 닿을 수 있을까? 볕이 어스름해지면 피워 낼 수 있을 텐데 이런 나라도 누군가 찾아온다면 그래 조금 더 조용하게 더 아스라이 네 눈에 담아 줄 불이라면 옅은 깜빡임에 이 빛을 내 숨을 다 쏟아내면 내 작은 달이 저 별을 꼭 닮아있기를 찰나엔 흐려도 괜찮을 거야 지나치는 혜성마저 내겐 눈부시니까 별이 없는 까망 위에 반딧불처럼 우린 둘일 때 더욱 빛나고 모두면 눈이 부실 텐데 나만이 낼 수 있는 것만으론 기억을 쓰진 못할까? 애석하게 난 밤을 걷는 저 맘들을 꿈 위에 누워 하늘을 날게 하고 싶어 그래 조금만 더 간절하게 저 태양처럼 두 눈 감아도 느껴지는 온기에 이 빛을 내 숨을 다 쏟아내면 내 작은 달이 저 별을 꼭 닮아있기를 찰나엔 흐려도 괜찮을 거야 멀어지는 우주마저 내겐 눈부시니까 더 더 내게 조금 더 바래줘 더 밝혀달라고 희미하게 선을 긋는 반딧불처럼 잔상이란 삶에 남는 내가 되게 해줘 쏟아지는 유성 빛처럼 찬란하게 부서진 날처럼 네 맘에 불이 켜지면 매일 하루가 그날과 닮아있기를 너의 숨도 소리도 빛을 내니까 어둠 속에 길을 밝혀 결국 찾아낼 거야 홀로 빛을 내는 저 반딧불처럼 "
